itemid,title,publisher
2342296,배트맨 허쉬 1,semicolon
2342322,배트맨 허쉬 2,semicolon
2355517,배트맨 Harvest Breed,semicolon
2409657,배트맨 : 다크 나이트 리턴즈 1,semicolon
2409681,배트맨 : 다크 나이트 리턴즈 2,semicolon
3006528,배트맨 이어 원,semicolon
5825042,배트맨 : 다크 나이트 스트라이크 어게인,semicolon
8117576,배트맨 킬링 조크 BATMAN The Killing Joke : 디럭스 에디션 The Deluxe Edition (양장),semicolon
13610349,배트맨 롱 할로윈 1,semicolon
13610364,배트맨 롱 할로윈 2,semicolon
15824125,배트맨 : 아캄 어사일럼,semicolon
16393122,조커,semicolon
16889056,배트맨 : 패밀리의 죽음,semicolon
16898738,배트맨 : 웃는 남자,semicolon
17516600,배트맨 : 다크 빅토리 1,semicolon
17516720,배트맨 : 다크 빅토리 2,semicolon
17671152,배트맨 : 캣우먼,semicolon
18042306,배트맨 나이트폴 1 : 다크 나이트 라이즈 원작,semicolon
18042476,배트맨 나이트폴 2 : 다크 나이트 라이즈 원작,semicolon
18042525,배트맨 나이트폴 3 : 다크 나이트 라이즈 원작,semicolon
18388743,배트맨 : 망토 두른 십자군에게 무슨 일이 생겼나?,semicolon
18747031,배트맨 : 헌티드 나이트,semicolon
47061693,배트맨 : 가스등 아래의 고담,semicolon
47062687,(뉴 52) 배트맨 1 : 올빼미 법정,semicolon
47063648,(뉴 52) 배트맨 2 : 올빼미 도시,semicolon
51395872,배트맨 앤솔로지,semicolon
55247494,배트맨 : 블랙 미러 1,semicolon
55247692,배트맨 : 블랙 미러 2,semicolon
67194589,(뉴 52) 배트맨 3 : 가족의 죽음,semicolon
69102411,(뉴 52) 배트맨 4 : 제로 이어 - 비밀의 도시,semicolon
75100849,(뉴 52) 배트맨 5 : 제로 이어 - 어둠의 도시,semicolon
79656455,(뉴 52) 배트맨 6 : 야간 순찰,semicolon
2199272,왓치맨 Watchmen 1,sigongsa
2199274,왓치맨 Watchmen 2,sigongsa
2287717,저스티스 JUSTICE 1,sigongsa
2287740,저스티스 JUSTICE 2,sigongsa
2287742,저스티스 JUSTICE 3,sigongsa
2620403,킹덤 컴 Kingdom Come,sigongsa
2923967,로닌 Ronin,sigongsa
3029755,브이 포 벤데타,sigongsa
3199698,샌드맨 The SandMan 1,sigongsa
3199708,샌드맨 The SandMan 2,sigongsa
3354877,샌드맨 The SandMan 3,sigongsa
3354884,샌드맨 The SandMan 4,sigongsa
3519802,샌드맨 The SandMan 5,sigongsa
3519813,샌드맨 The SandMan 6,sigongsa
6886387,아이언 맨 : 익스트리미스,sigongsa
3659620,슈퍼맨 포 투모로우 Supreman for Tomorrow 1,sigongsa
3659642,슈퍼맨 포 투모로우 Supreman for Tomorrow 2,sigongsa
4170964,샌드맨 The SandMan 7,sigongsa
4171000,샌드맨 The SandMan 8,sigongsa
4387344,샌드맨 The SandMan 9,sigongsa
4483797,시크릿 워,sigongsa
4483976,샌드맨 The SandMan 10,sigongsa
4666888,하우스 오브 엠,sigongsa
4927582,헐크 : 플래닛 헐크,sigongsa
5832251,시빌 워,sigongsa
6084410,샤잠 : 희망의 힘,sigongsa
6084417,슈퍼맨 : 땅 위에 평화를,sigongsa
6084425,원더우먼 : 진실의 영혼,sigongsa
6084430,배트맨 : 범죄와의 전쟁,sigongsa
6329518,JLA : 탄생의 비밀,sigongsa
6467490,JLA : 자유와 정의,sigongsa
6674473,슈퍼맨 : 버스라이트,sigongsa
6869293,슈퍼맨 : 레드 선,sigongsa
6886390,시빌 워 : 아이언 맨,sigongsa
7088289,샌드맨 The SandMan : 영원의 밤,sigongsa
7180090,슈퍼맨 : 포 올 시즌,sigongsa
7277089,샌드맨 The SandMan : 꿈 사냥꾼,sigongsa
7472520,헐크 : 월드 워 헐크,sigongsa
7510029,엑스맨 : 메시아 콤플렉스,sigongsa
7916195,프롬 헬,sigongsa
8727299,그린 랜턴 Green Lantern : 시크릿 오리진 Secret Origin,sigongsa
8727337,시빌 워 : 어메이징 스파이더맨,sigongsa
11223389,그린 랜턴 Green Lantern : 시네스트로 군단의 역습 1,sigongsa
11223437,그린 랜턴 Green Lantern : 시네스트로 군단의 역습 2,sigongsa
11047794,그린 랜턴 Green Lantern : 리버스 Rebirth,sigongsa
11590259,캡틴 아메리카의 죽음 1,sigongsa
11590305,캡틴 아메리카의 죽음 2,sigongsa
11894690,캡틴 아메리카의 죽음 3,sigongsa
12014312,스파이더맨 : 백 인 블랙,sigongsa
12116673,슈퍼맨 : 시크릿 아이덴티티,sigongsa
12854141,올스타 슈퍼맨 All-Star Superman 1,sigongsa
12859800,Y : 와이 더 라스트 맨 디럭스 에디션 01,sigongsa
13214717,올스타 슈퍼맨 All-Star Superman 2,sigongsa
13587816,베놈 vs. 카니지,sigongsa
14178622,Y : 와이 더 라스트 맨 디럭스 에디션 02,sigongsa
14839209,토르 : 천둥의 시대,sigongsa
14839723,Y : 와이 더 라스트 맨 디럭스 에디션 03,sigongsa
15191606,시빌 워 : 캡틴 아메리카,sigongsa
15192893,얼티미츠 Vol.1 : 슈퍼휴먼,sigongsa
15978584,아이덴티티 크라이시스,sigongsa
16203912,엑스맨 : 다크 피닉스 사가,sigongsa
16203794,Y : 와이 더 라스트 맨 디럭스 에디션 04,sigongsa
17109582,피터 파커 스파이더맨 : 백 인 블랙,sigongsa
17465073,Y : 와이 더 라스트 맨 디럭스 에디션 05,sigongsa
17861445,WE3 : 디럭스 에디션,sigongsa
18006815,DC : 더 뉴 프런티어,sigongsa
18006826,프라이드 오브 바그다드,sigongsa
18456736,페이블즈 디럭스 에디션 1,sigongsa
18763308,DC : 더 뉴 프런티어 2,sigongsa
19131508,크라이시스 온 인피닛 어스,sigongsa
19903005,제로 아워 : 크라이시스 인 타임,sigongsa
20635068,얼티미츠 Vol.2 : 국토안보,sigongsa
20949249,페이블즈 디럭스 에디션 2,sigongsa
22813934,어벤저스 디스어셈블드,sigongsa
22429714,슈퍼맨/배트맨 : 공공의 적,sigongsa
22809530,그린 랜턴 Green Lantern : 레드 랜턴의 분노,sigongsa
24167221,페이블즈 디럭스 에디션 3,sigongsa
24167321,플래시포인트,sigongsa
24167565,아이언 맨 : 엑시큐트 프로그램,sigongsa
25232283,탑 텐 1,sigongsa
25232857,탑 텐 2,sigongsa
25233128,아이언맨 : S.H.I.E.L.D. 국장,sigongsa
25531870,엑스 마키나 디럭스 에디션 1,sigongsa
25867422,아이언 맨 : 헌티드,sigongsa
26061552,울버린,sigongsa
26062246,울버린 웨폰 X,sigongsa
26822337,루터,sigongsa
26822764,엑스 마키나 디럭스 에디션 2,sigongsa
27025075,슈퍼맨/배트맨 2 : 슈퍼걸,sigongsa
30602868,킥애스 2 전주곡 : 힛걸,sigongsa
30602930,킥애스 2,sigongsa
30614983,킥애스 1,sigongsa
31391742,엑스포스 / 케이블 : 메시아 워,sigongsa
31636739,그린 랜턴 군단 Green Lantern Corps : 스타 사파이어의 반역,sigongsa
31637119,페이블즈 디럭스 에디션 4,sigongsa
32269310,토르 : 옴니버스,sigongsa
32269797,죽음 디럭스 에디션,sigongsa
33149603,엑스맨 : 세컨드 커밍,sigongsa
35451332,데어데블 : 본 어게인,sigongsa
35643507,캡틴 아메리카 : 윈터 솔저 얼티밋 컬렉션,sigongsa
35867921,리처드 스타크의 파커 : 헌터,sigongsa
35868038,리처드 스타크의 파커 : 아웃핏,sigongsa
37470663,인빈시블 아이언 맨 1,sigongsa
37470889,인빈시블 아이언 맨 2,sigongsa
38182931,캡틴 아메리카 : 적색의 공포 1,sigongsa
38183115,캡틴 아메리카 : 적색의 공포 2,sigongsa
38967379,"퍼니셔 : 웰컴 백, 프랭크",sigongsa
39834082,어메이징 스파이더맨 1,sigongsa
39834120,어메이징 스파이더맨 2,sigongsa
40171053,페이블즈 디럭스 에디션 5,sigongsa
41044764,엑스맨 : 데이즈 오브 퓨처 패스트,sigongsa
41044901,엑스맨 : 뮤턴트 제네시스,sigongsa
42804884,미라클 맨 Book 1,sigongsa
42805292,인피닛 크라이시스,sigongsa
43888698,가디언즈 오브 더 갤럭시 Vol.1 : 코스믹 어벤저스,sigongsa
43896205,탑 텐 : 포티나이너즈,sigongsa
44011117,엑스 마키나 디럭스 에디션 3,sigongsa
44011247,엑스 마키나 디럭스 에디션 4,sigongsa
45551376,어소리티 1,sigongsa
45551843,데드풀 & 케이블 1,sigongsa
46202762,어소리티 2,sigongsa
46493845,엑스 마키나 디럭스 에디션 5,sigongsa
48362076,52 - 1,sigongsa
48972009,세븐 솔저스 오브 빅토리 Vol.1,sigongsa
49571075,52 - 2,sigongsa
51188607,52 - 3,sigongsa
51762051,세븐 솔저스 오브 빅토리 Vol.2,sigongsa
51763006,어메이징 스파이더맨 3,sigongsa
51763192,52 - 4,sigongsa
52274216,어메이징 스파이더맨 4,sigongsa
52732974,얼티미츠 2 Vol.1 : 신들과 괴물들,sigongsa
53753401,얼티미츠 2 Vol.2 : 미국 대탈취 작전,sigongsa
54105492,피어 잇셀프 Fear Itself,sigongsa
55240076,어벤저스 vs. 엑스맨,sigongsa
55240353,어메이징 스파이더 맨 : 스파이더 아일랜드,sigongsa
55335542,에이지 오브 울트론,sigongsa
55447691,DC 코믹스 앤솔로지,sigongsa
55661278,젠틀맨 리그 : 비범한 신사 연맹 1,sigongsa
56181116,다크 어벤저스 1,sigongsa
56467478,시즈,sigongsa
56467537,타노스 라이징,sigongsa
56518350,다크 어벤저스 2,sigongsa
56876715,시즈 : 다크 어벤저스,sigongsa
56876817,인피니티 건틀렛,sigongsa
56876904,판타스틱 포 Vol.1,sigongsa
60606408,판타스틱 포 Vol.2,sigongsa
61937911,이리디머블 앤트 맨 1,sigongsa
61938190,어나일레이션 Book 1,sigongsa
62268029,어나일레이션 Book 2,sigongsa
62489340,젠틀맨 리그 : 비범한 신사 연맹 2,sigongsa
62997823,판타스틱 포 Vol.3,sigongsa
63391789,판타스틱 포 Vol.4,sigongsa
63392084,미라클 맨 Book 2,sigongsa
63398307,그레이브야드 북 Vol.1,sigongsa
63398892,그레이브야드 북 Vol.2,sigongsa
64531896,어나일레이션 Book 3,sigongsa
65541045,왕좌의 게임 그래픽 노블 1,sigongsa
65541364,앤트맨 Vol.1 : 두 번 사는 남자,sigongsa
65541459,왕좌의 게임 그래픽 노블 2,sigongsa
66087482,리처드 스타크의 파커 : 스코어,sigongsa
66936901,가디언즈 오브 더 갤럭시 Vol.2 : 안젤라,sigongsa
66937727,페이블즈 디럭스 에디션 6,sigongsa
67103619,이리디머블 앤트 맨 2,sigongsa
68940597,킥애스 3,sigongsa
68940948,스타워즈 : 다스 베이더와 아들,sigongsa
68941397,스타워즈 : 베이더의 꼬마 공주님,sigongsa
68941776,그린 랜턴 Green Lantern : 에이전트 오렌지,sigongsa
68942211,그린 랜턴 군단 Green Lantern Corps : 에메랄드 이클립스,sigongsa
70875799,스타워즈 다스 베이더 Vol.1 : 베이더,sigongsa
70876340,파이널 크라이시스,sigongsa
70876837,그린 애로우 : 롱보우 헌터스,sigongsa
70877031,스타워즈 Vol.1 : 스카이워커의 일격,sigongsa
72008013,스타워즈 : 레아 공주,sigongsa
72008350,스타워즈 : 제국의 와해,sigongsa
75028779,파이널 크라이시스 : 세 세계의 리전,sigongsa
75501654,데드풀의 마블 유니버스 죽이기,sigongsa
76101020,마블 나우! 어메이징 스파이더맨 VOL. 1 : 파커의 운수,sigongsa
76101491,마블 나우! 어메이징 스파이더맨 VOL. 2 : 스파이더버스 전주곡,sigongsa
78081684,마블 나우! 어메이징 스파이더맨 VOL. 3 : 스파이더버스,sigongsa
79723927,(뉴 52) 저스티스 리그 1 : 탄생,sigongsa
79725078,인저스티스 : 갓 어몽 어스 Vol. 1,sigongsa
79724226,(뉴 52) 원더 우먼 1 : 피,sigongsa
80250447,(뉴 52) 수어사이드 스쿼드 1 : 난장판,sigongsa
80250752,(뉴 52) 할리 퀸 1 : 도시의 불꽃 유망주,sigongsa
80250783,(뉴 52) 배트맨 이터널 1,sigongsa
80250869,슈피리어 스파이더맨 1 : 내 최악의 적,sigongsa
80336495,(뉴 52) 배트맨 7 : 엔드 게임,sigongsa
81748530,시빌 워 : 울버린,sigongsa
81748987,호크아이 Vol.1 : 인간병기,sigongsa
82135628,시빌 워 : 프론트 라인 1,sigongsa
82136023,시빌 워 : 프론트 라인 2,sigongsa
82242404,블랙키스트 나이트,sigongsa
82242424,(뉴 52) 배트맨 이터널 2,sigongsa
83466788,캡틴 아메리카 : 얼굴 없는 사나이,sigongsa
83919000,슈피리어 스파이더맨 2 : 농담의 위험성,sigongsa
84000687,(뉴 52) 배트맨 이터널 3,sigongsa
84001017,블랙키스트 나이트 : 그린 랜턴,sigongsa
84001313,왕좌의 게임 그래픽 노블 3,sigongsa
84001902,페이블즈 디럭스 에디션 7,sigongsa
84002281,엑스맨 : 에이지 오브 아포칼립스 Vol.1 알파,sigongsa
86070737,(뉴 52) 수어사이드 스쿼드 2 : 바실리스크 라이징,sigongsa
86070888,어나일레이션 : 컨퀘스트 Book 1,sigongsa
86229166,(뉴 52) 할리 퀸 2 : 나가 버린 파워,sigongsa
86229296,블랙키스트 나이트 : 그린 랜턴 군단,sigongsa
86230102,어나일레이션 : 컨퀘스트 Book 2,sigongsa
87628752,미즈 마블 1,sigongsa
87629319,플래시 : 리버스,sigongsa
87629475,FF 에프에프 1,sigongsa
87825214,(뉴 52) 저스티스 리그 2 : 악인의 여정,sigongsa
87825453,시크릿 어벤저스 1 : 미션 투 마스,sigongsa
87825768,블랙키스트 나이트 : 군단 이야기,sigongsa
89942452,FF 에프에프 2,sigongsa
89942482,시크릿 어벤저스 2 : 용의 눈,sigongsa
89943020,호크아이 Vol.2 : 소소한 사건들,sigongsa
90048169,인저스티스 : 갓 어몽 어스 Vol. 2,sigongsa
90048942,블랙키스트 나이트 : 블랙 랜턴 군단 Vol. 1,sigongsa
90188631,페이블즈 디럭스 에디션 8,sigongsa
92511137,페이블즈 디럭스 에디션 9,sigongsa
92636547,블랙키스트 나이트 : 블랙 랜턴 군단 Vol. 2,sigongsa
92636557,아이언 맨 : 병 속의 악마,sigongsa
92636560,블랙키스트 나이트 : 블랙 랜턴 라이즈,sigongsa
92703258,미라클 맨 Book 3,sigongsa
94722245,닥터 스트레인지 : 서약,sigongsa
94875296,스타워즈 Vol.2 : 밀수꾼 위성의 결전,sigongsa
94953495,미즈 마블 2,sigongsa
94962075,페이블즈 디럭스 에디션 10,sigongsa
95204503,스타워즈 다스 베이더 Vol.2 : 그림자와 비밀,sigongsa
95204854,스타워즈 : 다스 베이더와 친구들,sigongsa
95204924,스타워즈 : 잘 자요 다스 베이더,sigongsa
96673230,스파이 vs 스파이 : 블랙(& 화이트) 작전,sigongsa
97411256,스타워즈 다스 베이더 Vol.3 : 슈토룬 전쟁,sigongsa
97412235,스타워즈 : 베이더 다운,sigongsa
97597639,스타워즈 Vol.3 : 반란군 요새,sigongsa
97597916,겟 지로,sigongsa
98683799,(뉴 52) 원더 우먼 2 : 기백,sigongsa
98907905,샌드맨 The SandMan : 서곡 디럭스 에디션,sigongsa
101106033,스파이더맨 / 데드풀 VOL. 1 : 브로맨틱하지 않나요?,sigongsa
101293787,(뉴 52) 배트맨 8 : 슈퍼헤비,sigongsa
101294058,사가 Vol. 1,sigongsa
101294809,사가 Vol. 2,sigongsa
101295216,데드풀 Vol. 1,sigongsa
102498802,엑스맨 : 데들리 제네시스,sigongsa
102498235,언캐니 엑스맨 : 시아 제국의 흥망,sigongsa
103372503,(뉴 52) 저스티스 리그 3 : 아틀란티스의 왕좌,sigongsa
103372717,플래시 Vol. 1 : 앞으로,sigongsa
103373604,슈피리어 스파이더맨 3 : 탈출구는 없다,sigongsa
103373649,데어데블 얼티밋 컬렉션 1,sigongsa
103849532,울버린 : 올드 맨 로건,sigongsa
105357879,슈피리어 스파이더맨 4 : 필요악,sigongsa
105914019,가디언즈 오브 더 갤럭시 Vol.3 : 가디언즈 디스어셈블드,sigongsa
105914326,(뉴 52) 배트맨 9 : 블룸,sigongsa
105914844,아쿠아맨 Vol.1 : 해구 괴물,sigongsa
105973280,(뉴 52) 원더 우먼 3 : 철,sigongsa
106100643,데드풀 Vol. 2,sigongsa
106779004,미즈 마블 3,sigongsa
107795121,고담 센트럴 Book 1 : 사건 현장,sigongsa
107848167,사가 Vol. 3,sigongsa
107848367,디센더 Vol. 1 : 깡통 별,sigongsa
107848533,디센더 Vol. 2 : 기계 달,sigongsa
107971987,호크아이 Vol.3 : LA 우먼,sigongsa
107975991,가디언즈 오브 더 갤럭시 Vol.4 : 원죄,sigongsa
107981012,어벤저스 Vol.1,sigongsa
107981148,슈퍼맨 언체인드,sigongsa
109969357,(뉴 52) 원더 우먼 4 : 전쟁,sigongsa
109969516,(뉴 52) 배트맨 10 : 에필로그,sigongsa
109969829,배트맨 앤드 선,sigongsa
109970293,슈피리어 스파이더맨 5 : 슈피리어 베놈,sigongsa
109970544,어벤저스 Vol.2,sigongsa
111989126,인휴먼즈 : 타고난 권리로,sigongsa
111993781,슈피리어 스파이더맨 6 : 고블린 왕국,sigongsa
112065797,배트맨 & 로빈 : 배트맨 부활,sigongsa
112066349,인휴먼즈,sigongsa
112066620,데이트리퍼: 디럭스 에디션,sigongsa
112066700,호크아이 Vol.4 : 리오 브라보,sigongsa
112067111,배트맨 R.I.P,sigongsa
114378665,페이블즈 디럭스 에디션 11,sigongsa
114381211,플래시 Vol. 2 : 로그즈의 반란,sigongsa
114381497,뉴 어벤저스 Vol.1 : Everything Dies,sigongsa
114381647,배트맨 : 타임 앤드 배트맨,sigongsa
114383252,배트맨: 리턴 오브 브루스 웨인,sigongsa
114383648,사일런트 워,sigongsa
116441275,사가 Vol. 4,sigongsa
116441709,슈퍼맨 액션 코믹스 Vol.1,sigongsa
116441980,배트맨 & 로빈 : 배트맨 & 로빈 머스트 다이!,sigongsa
116442190,배트맨 & 로빈 : 배트맨 VS. 로빈,sigongsa
116442409,워 오브 킹즈,sigongsa
118404348,아메리칸 뱀파이어 Vol. 1,sigongsa
118404544,아쿠아맨 Vol.2 :  디 아더스,sigongsa
118404737,(뉴 52) 배트맨 Vol.1 : 올빼미 법정,sigongsa
118404785,스파이더맨 / 데드풀 VOL. 2 : 작은 이야기들,sigongsa
118404896,아메리칸 뱀파이어 Vol. 2,sigongsa
118404927,(뉴 52) 배트맨 Vol.2 : 올빼미 도시,sigongsa
118405261,배트맨: 할리 퀸,sigongsa
118405302,뉴 어벤저스 Vol.2 : Infinity,sigongsa
118532755,페이블즈 디럭스 에디션 12,sigongsa
119595892,토르 천둥의 신 Vol.1 : 신 도살자,sigongsa
120064425,슈퍼맨 액션 코믹스 Vol.2,sigongsa
120064673,저스티스 리그 :  위대한 승리,sigongsa
120080968,맨해튼 프로젝트 Vol.1,sigongsa
120081364,맨해튼 프로젝트 Vol.2,sigongsa
120083807,(뉴 52) 저스티스 리그 4 : 그리드,sigongsa
120085630,시크릿 오리진스 Vol.1,sigongsa
120086686,시크릿 오리진스 Vol.2,sigongsa
123700372,판타스틱 포 Vol.5,sigongsa
123700950,렐름 오브 킹즈,sigongsa
123784848,데어데블 얼티밋 컬렉션 2,sigongsa
123785206,판타스틱 포 Vol.6,sigongsa
123791104,인휴먼 Vol.1 : 제네시스,sigongsa
123797816,인휴먼 Vol.2 : 액시스,sigongsa
125243967,리처드 스타크의 파커 : 슬레이그라운드,sigongsa
125323129,스타워즈 다스 베이더 Vol.4 : 게임의 끝,sigongsa
128871017,젠틀맨 리그 : 비범한 신사 연맹 - 검은 서류,sigongsa
126663464,고담 센트럴 Book 2 : 광대와 광인들,sigongsa
126664649,네모 : 얼음 심장,sigongsa
126675598,배트맨 : 노엘,sigongsa
129859954,(뉴 52) 원더 우먼 5 : 살,sigongsa
129860808,데드풀 : 떠버리 용병을 그리다,sigongsa
130809800,헬보이 Hellboy 1,sigongsa
131658381,배트맨 : 다크 나이트 리턴즈 30주년 에디션,sigongsa
131658449,블랙 팬서 : 블랙 팬서는 누구인가?,sigongsa
131659436,젠틀맨 리그 : 비범한 신사 연맹 3 - 백 년,sigongsa
131661237,(뉴 52) 저스티스 리그 5 : 포에버 히어로즈,sigongsa
134976738,아쿠아맨 Vol.3 : 아틀란티스의 왕좌,sigongsa
135012582,(뉴 52) 원더 우먼 6 : 뼈,sigongsa
135012672,사가 Vol. 5,sigongsa
135013270,배트맨 : 킬링 조크,sigongsa
135551426,(뉴 52) 저스티스 리그 6 : 인저스티스 리그,sigongsa
135552362,잭 커비 앤솔로지,sigongsa
138375431,저스티스 리그 : 트리니티 워,sigongsa
138377926,스타워즈 Vol.4 : 하빈저 최후의 비행,sigongsa
138378963,(뉴 52) 저스티스 리그 포에버 이블,sigongsa
138382761,배트맨 : 이어 원 디럭스 에디션,sigongsa
138383406,헬보이 Hellboy 2,sigongsa
138386037,스타워즈 : 한 솔로,sigongsa
141295874,타노스 임페러티브,sigongsa
141295880,인피니티,sigongsa
141319787,마블 스튜디오 어벤저스 : 인피니티 워 프렐류드,sigongsa
142110730,데드풀 vs. 타노스,sigongsa
143143276,마블스,sigongsa
143143291,뉴 어벤저스 Vol.3 : Other Worlds,sigongsa
143143292,데드풀 Vol. 3,sigongsa
146565900,아쿠아맨 Vol.4 : 왕의 죽음,sigongsa
146970285,뉴 어벤저스 Vol.4 : A Perfect World,sigongsa
146970397,(뉴 52) 저스티스 리그 7 : 다크사이드 워 PART 1,sigongsa
146970594,마블 나우! 어메이징 스파이더맨 VOL. 4 : 밤손님,sigongsa
146971188,디센더 Vol. 3 : 특이점,sigongsa
147874168,스파이더맨 / 데드풀 VOL. 3 : 잇시 빗시,sigongsa
147874266,데드풀 & 케이블 2,sigongsa
147931144,어벤저스 Vol.3,sigongsa
147931262,페이블즈 디럭스 에디션 13,sigongsa
149309332,(뉴 52) 저스티스 리그 8 : 다크사이드 워 PART 2,sigongsa
151332058,아메리칸 뱀파이어 Vol. 3,sigongsa
151523600,고담 센트럴 Book 3 : 변종 순찰,sigongsa
151523602,앤트맨과 와스프 프렐류드,sigongsa
151524111,어두운 밤 : 진짜 배트맨 이야기,sigongsa
151524301,어메이징 스파이더맨 : 다잉 위시,sigongsa
152188714,스파이더맨 / 데드풀 VOL. 0 : 이건 팀업이 아니야,sigongsa
156519530,토르 천둥의 신 Vol.2 : 신폭탄,sigongsa
157656177,헬보이 Hellboy 3,sigongsa
158316597,배트맨 Vol.1 : 나는 고담이다,sigongsa
158316924,슈퍼맨 Vol. 1 : 슈퍼맨의 아들,sigongsa
158317701,플래시 Vol. 1 : 번개는 두 번 친다,sigongsa
158380348,사가 Vol. 6,sigongsa
158380626,DC 유니버스 리버스 : 디럭스 에디션,sigongsa
163232150,(뉴 52) 배트맨 Vol.3 : 가족의 죽음,sigongsa
163232626,수어사이드 스쿼드 Vol. 1 : 블랙 볼트,sigongsa
163675863,아메리칸 뱀파이어 Vol. 4,sigongsa
163676614,배트맨 디텍티브 코믹스 Vol.1 : 배트맨들의 출현,sigongsa
164081860,(뉴 52) 배트맨 Vol.4 : 제로 이어 - 비밀의 도시,sigongsa
164088107,캡틴 아메리카 : 로드 투 리본,sigongsa
168458083,헬보이 Hellboy 4,sigongsa
168674629,어메이징 스파이더맨 : 원 모어 데이,sigongsa
168674969,아쿠아맨 Vol.1 : 침몰,sigongsa
168675223,올스타 배트맨 Vol.1 : 내 최악의 적,sigongsa
168718381,캡틴 아메리카 : 리본,sigongsa
168718485,데드풀 Vol. 4,sigongsa
168719150,미즈 마블 4,sigongsa
171159493,수어사이드 스쿼드 Vol. 2 : 제정신으로,sigongsa
171159633,스타워즈 : 메이드 이지,sigongsa
171159757,디센더 Vol. 4 : 궤도 역학,sigongsa
171159798,가디언즈 오브 더 갤럭시 Vol.5 : 거울에 비친 나,sigongsa
171255555,배트맨 : 몬스터 맨들의 밤,sigongsa
171256645,"슈퍼맨 Vol. 2 : 슈퍼 선, 시험받다",sigongsa
171257057,페이블즈 디럭스 에디션 14,sigongsa
173872321,토르 천둥의 신 Vol.3 : 저주받은 자,sigongsa
173876508,배트맨 Vol.2 : 나는 자살이다,sigongsa
174227692,액션 코믹스 #1000 디럭스 에디션,sigongsa
174227757,FF 에프에프 3,sigongsa
174227772,디센더 Vol. 5 : 로봇의 봉기,sigongsa
174228469,배트맨 디텍티브 코믹스 Vol.2 : 빅팀 신디케이트,sigongsa
174274719,사가 Vol. 7,sigongsa
174275002,FF 에프에프 4,sigongsa
174275311,올스타 배트맨 Vol.2 : 지구의 끝,sigongsa
175997768,데어데블 얼티밋 컬렉션 3,sigongsa
176410106,스타워즈 Vol.5 : 요다의 비밀 전쟁,sigongsa
176410651,엑스맨 : 신은 사랑하고 인간은 살해한다,sigongsa
176657260,페이블즈 디럭스 에디션 15,sigongsa
176658353,배트맨 : 다크 프린스 차밍,sigongsa
176658887,스타워즈 : 오비완과 아나킨,sigongsa
179221598,시크릿 엠파이어 전주곡,sigongsa
178986701,닥터 스트레인지 Vol.1,sigongsa
178987104,언캐니 어벤저스 Vol.1,sigongsa
178987157,플래시 Vol. 2 : 어둠의 속도,sigongsa
178987788,인빈시블 아이언 맨 Vol. 1: 리부트,sigongsa
179220089,언캐니 어벤저스 Vol.2,sigongsa
179220569,비전 Vol. 1 : 인간보다 못할 것 없는,sigongsa
179221181,어벤저스 : 타임 런즈 아웃,sigongsa
182498415,헬보이 Hellboy 5,sigongsa
183765406,배트맨 Vol.3 : 나는 베인이다,sigongsa
183765937,플래시 Vol. 3 : 로그즈 재장전,sigongsa
183766622,펑크 록 지저스,sigongsa
183604470,라이프 오브 캡틴 마블,sigongsa
186770295,시빌 워 2 : 후유증,sigongsa
187039128,헬보이 Hellboy 6,sigongsa
187039410,샤잠! 오리진스,sigongsa
189556431,왓치맨 디럭스 에디션,sigongsa
188276105,시빌 워 2 스페셜 에디션 (한정판),sigongsa
188276318,올뉴 올디퍼런트 어벤저스,sigongsa
188276452,비전 Vol. 2 : 짐승보다 나을 것 없는,sigongsa
188276527,시빌 워 2,sigongsa
188276428,마블 스튜디오 어벤저스 : 엔드게임 프렐류드,sigongsa
189555968,사가 Vol. 8,sigongsa
189556234,스파이더맨 : 블루,sigongsa
189556735,캡틴 아메리카 : 스티브 로저스 Vol.1 하이드라 만세,sigongsa
189556979,호크아이 vs. 데드풀,sigongsa
193168518,리그 오브 레전드 : 애쉬 - 전쟁의 어머니,sigongsa
192372034,스파이더맨 / 데드풀 VOL. 4 : 진지한 일,sigongsa
192372401,아쿠아맨 Vol.2 : 블랙 만타의 역습,sigongsa
192372644,언캐니 어벤저스 Vol.3 : 시빌 워 II,sigongsa
192721883,엑스맨 : 피닉스 인 다크니스,sigongsa
192725041,배트맨/플래시 : 더 버튼 디럭스 에디션,sigongsa
192531231,인빈시블 아이언 맨 Vol. 2 : 워 머신 군단,sigongsa
192536842,저스티스 리그 VS. 수어사이드 스쿼드,sigongsa
194375264,스파이더맨 / 데드풀 VOL. 5 : 무기 경쟁,sigongsa
195148122,배트맨 / 닌자 거북이 Vol. 1,sigongsa
195148244,어메이징 스파이더맨 : 클론 컨스피러시 Vol. 1,sigongsa
195148357,고담 센트럴 Book 4 : 코리건,sigongsa
195148371,어메이징 스파이더맨 : 클론 컨스피러시 Vol. 2,sigongsa
195148639,올스타 배트맨 Vol.3 : 첫 번째 동지,sigongsa
198414801,헐크 : 그레이,sigongsa
199716143,웨폰스 오브 뮤턴트 디스트럭션,sigongsa
199715514,아메리칸 뱀파이어 Vol. 5,sigongsa
199715800,배트맨 주식회사,sigongsa
203349061,배트맨 어드벤처 : 매드 러브 디럭스 에디션,sigongsa
206078868,배트맨 : 언더 더 레드 후드,sigongsa
203347557,캡틴 아메리카 : 스티브 로저스 Vol.2 마리아 힐의 재판,sigongsa
204208227,배트맨 Vol.4 : 농담과 수수께끼의 전쟁,sigongsa
204208866,비포 왓치맨 : 미닛맨/실크 스펙터,sigongsa
208552908,배트맨 디텍티브 코믹스 : #1000 디럭스 에디션,sigongsa
208556248,닥터 스트레인지 Vol.2 : 마법의 마지막 날들,sigongsa
208557950,디센더 Vol. 6 : 기계 전쟁,sigongsa
208559539,헬보이 Hellboy 7,sigongsa
207828144,(뉴 52) 배트맨 Vol.5 : 제로 이어 - 어둠의 도시,sigongsa
207828506,(뉴 52) 배트맨 Vol.6 : 야간 순찰,sigongsa
208545991,배트맨 : 허쉬 (15주년 디럭스 에디션),sigongsa
208548587,배트맨 : 화이트 나이트,sigongsa
208550968,비포 왓치맨 : 코미디언/로어셰크,sigongsa
208872100,조커,sigongsa
211732715,디펜더스 Vol. 1 : 다이아몬드는 영원히,sigongsa
211733422,데어데블 : 옐로우,sigongsa
212300996,인빈시블 아이언 맨 Vol. 3 : 시빌 워 II,sigongsa
212301242,토르 천둥의 신 Vol.4 : 미드가르드 최후의 날,sigongsa
212301448,헬보이 Hellboy 8 : 어둠의 부름,sigongsa
212300480,배트맨 : 어스 원 Vol.1,sigongsa
217411627,리그 오브 레전드 : 럭스,sigongsa
217094962,닥터 스트레인지 Vol.3 : 에테르에 흐르는 피,sigongsa
217095168,인휴먼 Vol.3 : 리니지,sigongsa
217099663,디펜더스 Vol. 2 : 뉴욕의 킹핀들,sigongsa
217186985,마블 테일즈 : 어벤저스 1,sigongsa
217186986,배트맨 : 메탈-다크 나이츠 라이징,sigongsa
217187204,배트맨 : 메탈,sigongsa
217188126,배트맨 : 로드 투 메탈,sigongsa
221695265,닥터 스트레인지 Vol.4 : 미스터 미저리,sigongsa
221695583,언캐니 어벤저스 Vol.4 : 레드 스컬,sigongsa
222673095,사가 Vol. 9,sigongsa
221695956,배트맨 : 어스 원 Vol.2,sigongsa
227737957,헬보이 Hellboy 9 : 와일드 헌트,sigongsa
227738271,S.H.I.E.L.D. : 영원의 설계자들,sigongsa
227741084,닥터 둠 : 인퍼머스 아이언 맨 Vol. 1,sigongsa
227745724,어벤저스 : 레이지 오브 울트론,sigongsa
228673652,스파이더맨 / 데드풀 VOL. 6 : Wlmd,sigongsa
228672518,배트걸과 버즈 오브 프레이 Vol.1 : 오라클의 정체는?,sigongsa
228672779,배트걸과 버즈 오브 프레이 Vol.2 : 소스 코드,sigongsa
228673046,배트걸과 버즈 오브 프레이 Vol.3 : 풀 서클,sigongsa
228673312,할리 퀸과 버즈 오브 프레이,sigongsa
228673465,히어로즈 인 크라이시스,sigongsa
233421167,닥터 둠 : 인퍼머스 아이언 맨 Vol. 2,sigongsa
233421302,캡틴 아메리카 : 스티브 로저스 Vol.3 제국 건설,sigongsa
233421569,오리지널 신,sigongsa
233623900,비포 왓치맨 : 나이트 아울/닥터 맨해튼,sigongsa
233624938,슈퍼맨 액션 코믹스 Vol.3,sigongsa
234688349,배트맨 : 댐드,sigongsa
234689117,할린,sigongsa
235913324,배트맨 디텍티브 코믹스 Vol.3 : 리그 오브 섀도우,sigongsa
235913678,배트맨 주식회사 Vol. 1 : 데몬 스타,sigongsa
235913955,배트맨 주식회사 Vol. 2 : 고담 일급수배자,sigongsa
235914172,슈퍼맨 Vol. 3 : 멀티플리시티,sigongsa
237749392,블랙 위도우,sigongsa
237678010,시크릿 엠파이어,sigongsa
237678369,테일즈 오브 서스펜스 : 호크아이 & 윈터 솔저,sigongsa
238167897,어벤저스 : 노 서렌더,sigongsa
238168604,어메이징 스파이더맨 : 시크릿 엠파이어,sigongsa
238169394,데드풀 : 시크릿 엠파이어,sigongsa
238348579,이터널스,sigongsa
237677202,(뉴 52) 나이트윙 Vol.1 : 함정과 공중그네,sigongsa
237677683,배트맨 : 메탈 : 레지스탕스,sigongsa
241302230,브이 포 벤데타 30주년 기념 디럭스 에디션,sigongsa
240907508,토르 : 천둥의 여신,sigongsa
240907945,어벤저스 & 엑스맨 : 액시스,sigongsa
240913707,"헬보이 : 방문자, 그는 어떻게 왜 머무르게 되었나",sigongsa
240752133,저스티스 리그 Vol. 1 : 토탈리티,sigongsa
240752512,저스티스 리그 : 노 저스티스,sigongsa
240907709,원더 우먼 리버스 디럭스 에디션 BOOK 1,sigongsa
240907914,원더 우먼 리버스 디럭스 에디션 BOOK 2,sigongsa
246315862,마블 코믹스 #1000,sigongsa
246316902,마블 코믹스 : 창밖의 세상,sigongsa
246317919,히스토리 오브 더 마블 유니버스,sigongsa
243435678,저스티스 리그 Vol. 2 : 신들의 무덤,sigongsa
243436101,저스티스 리그 Vol. 3 : 호크월드,sigongsa
243636886,슈퍼 선즈 옴니버스,sigongsa
246887645,어메이징 스파이더맨 : 레드 고블린,sigongsa
246888107,스파이더맨 / 데드풀 VOL. 7 : My Two Dads,sigongsa
246888552,마블 퓨처 파이트 퍼스트,sigongsa
246889243,(뉴 52) 나이트윙 Vol.2 : 올빼미의 밤,sigongsa
246889702,배트맨 디텍티브 코믹스 Vol.4 : 데우스 엑스 마키나,sigongsa
248015992,디씨즈드,sigongsa
248375043,마블 1602,sigongsa
249266711,로키 : 아스가르드의 요원,sigongsa
249266788,이모털 헐크 Vol. 1 : 아니면 둘 다인가?,sigongsa
249266885,문 나이트 Vol. 1 : 광기,sigongsa
249267072,인빈시블 아이언 맨 : 토니 스타크를 찾아서,sigongsa
248952653,배트맨 : 배틀 포 더 카울,sigongsa
249317035,그린 랜턴 Green Lantern : 브라이티스트 데이,sigongsa
249317064,그린 랜턴 Green Lantern : 그린 랜턴 전쟁,sigongsa
249317113,(뉴 52) 그린 랜턴 Green Lantern Vol.1 : 시네스트로,sigongsa
249317168,(뉴 52) 그린 랜턴 Green Lantern Vol.2 : 블랙 핸드의 복수,sigongsa
249317188,(뉴 52) 그린 랜턴 Green Lantern Vol.3 : 끝,sigongsa
251888626,타노스,sigongsa
251889506,캡틴 아메리카 : 화이트,sigongsa
251890093,마이티 토르 Vol. 1 : 핏줄에 흐르는 천둥,sigongsa
251512266,저스티스 리그 Vol. 4 : 6차원,sigongsa
251512624,배트맨 : 라스트 나이트 온 어스,sigongsa
251512872,조커 80주년 스페셜,sigongsa
253750763,리그 오브 레전드 : 제드,sigongsa
254067728,스파이더 그웬 : 고스트 스파이더,sigongsa
254067285,슈퍼맨 Vol. 4 : 검은 새벽,sigongsa
254067186,스파이더맨 : 크레이븐의 마지막 사냥,sigongsa
254067240,스파이더맨 : 마일스 모랄레스는 누구인가?,sigongsa
254067279,마블 나우! 어메이징 스파이더맨 : 엣지 오브 스파이더버스,sigongsa
254067519,스파이더겟돈,sigongsa
254068051,스파이더맨 : 라이프 스토리,sigongsa
255155036,마블 코믹스 탁상 달력 2021 TIMELESS,sigongsa
256468842,데드풀의 죽여주는 명작선,sigongsa
256469184,마이티 토르 Vol. 2 : 아스가르드 / 시아 제국 전쟁,sigongsa
256843011,앱솔루트 배트맨 : 블랙 미러,sigongsa
258736123,헬보이 Hellboy 10 : 비뚤어진 사내와 다른 이야기들,sigongsa
258736643,헬보이 Hellboy 11 : 지옥의 신부와 다른 이야기들,sigongsa
258736673,헬보이 Hellboy 12 : 폭풍과 분노,sigongsa
258736697,언캐니 엑스맨 : 울버린과 사이클롭스,sigongsa
258736104,웃는 배트맨,sigongsa
261181218,둠스데이 클락 컴플리트 컬렉션,sigongsa
261179957,저스티스 리그 Vol. 5 : 정의와 파멸의 전쟁,sigongsa
262039984,슈퍼맨 : 액션 코믹스 : 리버스 디럭스 에디션 BOOK 1,sigongsa
261184204,테일즈 오브 완다 & 비전,sigongsa
261820253,토니 스타크 : 아이언 맨 Vol. 1 셀프메이드 맨,sigongsa
261820772,마이티 토르의 죽음,sigongsa
264183724,스파이더맨 / 데드풀 VOL. 8 : 로드 트립,sigongsa
263188963,조커 : 킬러 스마일,sigongsa
264183831,플래시 Vol. 4 : 더 플래시,sigongsa
265448843,배트맨/슈퍼맨 : 시크릿 식스는 누구인가?,sigongsa
265449809,피터 파커 : 스펙태큘러 스파이더맨 Vol.1,sigongsa
265450317,피터 파커 : 스펙태큘러 스파이더맨 Vol.2,sigongsa
266260447,디스피커블 데드풀 Vol.1 : 데드풀의 케이블 죽이기,sigongsa
266260712,디스피커블 데드풀 Vol.2 : 마블 유니버스의 데드풀 죽이기,sigongsa
267334789,배트맨 디텍티브 코믹스 Vol.5,sigongsa
267335394,비포 왓치맨 : 오지만디아스/핏빛 해적,sigongsa
267994279,레드 후드와 무법자들 Vol. 1 : 다크 트리니티,sigongsa
267371972,어벤저스 : 지구 최강의 영웅들 Vol. 1,sigongsa
267994290,토르 : 천둥신의 귀환,sigongsa
267994337,캡틴 아메리카 Vol. 1 : 아메리카의 겨울,sigongsa
269059052,배트맨 : 하비스트 브리드,sigongsa
269604615,배트맨 앤드 로빈 Vol.1 : 본 투 킬,sigongsa
270461299,어벤저스 : 지구 최강의 영웅들 Vol. 2 월드 투어,sigongsa
270461736,토니 스타크 : 아이언 맨 Vol. 2 스타크 리얼리티,sigongsa
271955197,슈퍼맨 : 액션 코믹스 : 리버스 디럭스 에디션 BOOK 2,sigongsa
271955966,캡틴 마블 Vol.1 : 재진입,sigongsa
271955552,어벤저스 : 지구 최강의 영웅들 Vol. 3 워 오브 더 렐름스,sigongsa
272316787,워 오브 더 렐름스,sigongsa
274041597,닥터 스트레인지 vs. 로키 소서러 슈프림,sigongsa
274101374,플래시 Vol. 5 : 더 플래시,sigongsa
274101847,플래시 포워드,sigongsa
274101642,인피니티 워즈,sigongsa
274101727,인피니티 카운트다운,sigongsa
275982161,배트맨 : 세 명의 조커,sigongsa
276363923,수어사이드 스쿼드 : 배드 블러드,sigongsa
276099397,이모털 헐크 Vol. 2 : 지옥에 간 헐크,sigongsa
278031433,플래시 : 이어 원,sigongsa
278178117,샹치 : 사형제들,sigongsa
278178519,베놈 Vol. 1 : 렉스,sigongsa
278178663,베놈 Vol. 2 : 심연,sigongsa
279042260,하우스 오브 X,sigongsa
279453862,배트맨 : 더 월드,sigongsa
280101220,스파이더맨 / 데드풀 VOL. 9 : 이벤트풀,sigongsa
279819329,배트맨 Vol. 1 : 검은 설계도,sigongsa
279819855,배트맨 Vol. 2 : 조커 전쟁,sigongsa
279820296,배트맨 : 화이트 나이트의 저주,sigongsa
280101310,문 나이트 Vol. 2 : 탄생과 죽음,sigongsa
280562607,앱솔루트 카니지 vs. 베놈,sigongsa
280563065,앱솔루트 카니지 vs. 마블 유니버스,sigongsa
282031061,배트맨 : 임포스터 #1,sigongsa
282188309,레드 후드와 무법자들 Vol. 2 : 아르테미스는 누구인가?,sigongsa
281820279,이터널스 Vol. 1 : 오직 죽음만이 영원하다,sigongsa
283750410,배트맨 : 임포스터 #2,sigongsa
283819378,영 어벤저스 Vol. 1 : 사이드킥,sigongsa
283819639,영 어벤저스 Vol. 2 : 혈통의 비밀,sigongsa
285069944,어메이징 스파이더맨 : 프레시 스타트 Vol. 1,sigongsa
285070188,어메이징 스파이더맨 : 프레시 스타트 Vol. 2,sigongsa
285070456,어메이징 스파이더맨 : 프레시 스타트 Vol. 3,sigongsa
285282924,배트맨 : 임포스터 #3,sigongsa
285820081,제프 로브 & 팀 세일 배트맨 옴니버스,sigongsa
285820256,배트맨 : 롱 할로윈 스페셜,sigongsa
287149842,슈피리어 스파이더맨 컴플릿 컬렉션 BOOK 2,sigongsa
287149748,슈피리어 스파이더맨 컴플릿 컬렉션 BOOK 1,sigongsa
287651975,데어데블 : 지옥을 지나 천국으로 Vol. 1,sigongsa
287652235,데어데블 : 지옥을 지나 천국으로 Vol. 2,sigongsa
289957375,(뉴 52) 나이트윙 Vol.3,sigongsa
290086595,배트맨 : 롱 할로윈 디럭스 에디션,sigongsa
290086740,배트맨 : 에고,sigongsa
290086747,배트맨 : 임포스터,sigongsa
290087433,배트맨 : 롱 할로윈 시퀄 다크 빅토리 디럭스 에디션,sigongsa
290086586,로키 : 저니 인투 미스터리 Vol. 1,sigongsa
290086669,로키 : 저니 인투 미스터리 Vol. 2,sigongsa
290087103,아이언 맨 2020,sigongsa
291324665,킹 토르,sigongsa
291325136,영 어벤저스 : 칠드런스 크루세이드,sigongsa
291871465,닥터 스트레인지 : 댐네이션,sigongsa
291871752,"뉴 어벤저스 일루미나티 : 아이언 맨, 닥터 스트레인지, 네이머, 미스터 판타스틱, 프로페서 X, 블랙 볼트",sigongsa
292842118,닥터 스트레인지 : 프레시 스타트 Vol.1,sigongsa
292842586,닥터 스트레인지 : 프레시 스타트 Vol.2,sigongsa
295104823,프렌들리 네이버후드 스파이더맨,sigongsa
295216716,어메이징 스파이더맨 : 프레시 스타트 Vol. 4,sigongsa
295216822,어메이징 스파이더맨 : 프레시 스타트 Vol. 5,sigongsa
295386427,테일즈 오브 피터 파커,sigongsa
297115084,토르 & 로키 : 모든 것이 불탄다,sigongsa
297115489,엑스맨 Vol. 1 : 던 오브 엑스,sigongsa
297115760,엑스포스 Vol. 1 : 던 오브 엑스,sigongsa
297881216,엄브렐러 아카데미 Vol. 1 : 종말 모음곡,sigongsa
297881461,엄브렐러 아카데미 Vol. 2 : 댈러스,sigongsa
297881564,엄브렐러 아카데미 Vol. 3 : 호텔 오블리비언,sigongsa
299020662,엠파이어,sigongsa
299961949,베놈 Vol. 3 : 베놈 아일랜드,sigongsa
299962034,킹 인 블랙,sigongsa
302171559,샌드맨 : 디럭스 에디션 1,sigongsa
302171784,샌드맨 : 디럭스 에디션 2,sigongsa
302171805,샌드맨 : 디럭스 에디션 3,sigongsa
302171822,샌드맨 : 디럭스 에디션 4,sigongsa
302172324,샌드맨 : 디럭스 에디션 5,sigongsa
301850771,이어 오브 더 빌런 : 헬 어리즌,sigongsa
301849828,데어데블 : 지옥을 지나 천국으로 Vol. 3,sigongsa
301850281,데블스 레인,sigongsa
302247654,데어데블 : 본 어게인,sigongsa
303549109,블랙 아담/JSA: 블랙 레인,sigongsa
303756620,배트맨 Vol. 3 : 유령 이야기,sigongsa
303757200,배트맨 Vol. 4 : 겁에 질린 자들,sigongsa
303757295,배트맨 Vol. 5 : 공포 상태,sigongsa
303757651,배트맨 : 데스 메탈,sigongsa
303532351,닥터 둠 : 북 오브 둠,sigongsa
303532355,블랙 팬서 : 둠워,sigongsa
303532554,어벤저스 : 지구 최강의 영웅들 Vol. 4 고스트 라이더 & 스타브랜드,sigongsa
303533303,블랙 팬서 : 우리 발아래의 국가,sigongsa
303756680,할리 퀸 BOOK 1,sigongsa
303757360,할리 퀸 BOOK 2,sigongsa
305720150,이모털 헐크 Vol. 3 : 우리는 브루스 배너를 믿는다,sigongsa
305720304,이모털 헐크 Vol. 4 : 문을 지키는 자,sigongsa
305720607,이모털 헐크 Vol. 5 : 지옥과 사망의 열쇠,sigongsa
307422510,배트맨 앤드 로빈 Vol.2,sigongsa
307422967,배트맨 앤드 로빈 Vol.3,sigongsa
307423183,배트맨 앤드 로빈 Vol.4,sigongsa
307420622,어벤저스 : 지구 최강의 영웅들 Vol. 5 콘슈의 시대,sigongsa
307421142,캡틴 아메리카 Vol. 2 : 무엇의 캡틴도 아닌,sigongsa
309573590,레드 후드와 무법자들 Vol. 3 : 비자로 리본,sigongsa
309573704,"레드 후드와 무법자들 Vol. 4 : 잘 자요, 고담",sigongsa
309573858,샤잠! 앤드 세븐 매직 랜드,sigongsa
309573718,어스토니싱 앤트맨,sigongsa
309573904,정복자 캉,sigongsa
311150794,슈퍼맨 Vol. 5,sigongsa
311151426,슈퍼맨 Vol. 6,sigongsa
311905867,어벤저스 : 캉 다이너스티,sigongsa
312506649,시크릿 인베이전,sigongsa
313736754,배트맨 : 어스 원 Vol.3,sigongsa
313737445,더 배트맨 : 공식 스크립트 북,sigongsa
313737461,슈퍼맨 : 액션 코믹스 : 리버스 디럭스 에디션 BOOK 3,sigongsa
313737716,조커 : 공식 스크립트 북,sigongsa
313737653,시니스터 워,sigongsa
313737815,어메이징 스파이더맨 : 신즈 라이징 Vol. 1,sigongsa
313737963,어메이징 스파이더맨 : 신즈 라이징 Vol. 2,sigongsa
313738198,어메이징 스파이더맨 : 신즈 라이징 Vol. 3,sigongsa
318931164,슈퍼맨 : 하늘 높이,sigongsa
318931348,슈퍼걸 : 우먼 오브 투모로우,sigongsa
318931921,슈퍼맨 : 내일의 사나이에게 무슨 일이 생겼나? 디럭스 에디션,sigongsa
318932366,슈퍼맨 : 시크릿 오리진 디럭스 에디션,sigongsa
315321262,가디언즈 오브 갤럭시,sigongsa
315321917,그루트,sigongsa
315322365,스파이더맨 : 월드 콜라이드,sigongsa
317444458,플래시 Vol. 6,sigongsa
317385834,마일스 모랄레스 Vol. 1 : 브루클린 소년,sigongsa
317386359,마일스 모랄레스 Vol. 2 : 얼티메이텀,sigongsa
317386779,챔피언스 : 금지당한 세대,sigongsa
318620360,로켓 라쿤,sigongsa
318931392,배트맨 '89,sigongsa
318931622,슈퍼맨 '78,sigongsa
318931804,플래시 Vol. 7,sigongsa
318932115,플래시 : 세상에서 제일 빠른 남자,sigongsa
318932247,플래시포인트 디럭스 에디션,sigongsa
318932552,플래시포인트 : 월드 오브 플래시포인트,sigongsa
319373548,스파이더 그웬 : 엣지 오브 스파이더버스,sigongsa
319808959,피터 포커 : 스파이더햄,sigongsa
321319475,아쿠아맨 Vol.3,sigongsa
321319963,아쿠아맨 Vol.4,sigongsa
321320348,엑스맨 : 텐 오브 소드 Vol. 1 : 창조,sigongsa
321320679,엑스맨 : 텐 오브 소드 Vol. 2 : 파괴,sigongsa
321320827,히어로즈 리본,sigongsa
323594730,아이언 맨 : 아머 워즈,sigongsa
323594840,디씨즈드 : 언킬러블즈,sigongsa
323594909,디씨즈드 : 데드 플래닛,sigongsa
326496629,어메이징 스파이더맨 BOOK 1,sigongsa
326496816,어메이징 스파이더맨 BOOK 2,sigongsa
326496935,어메이징 스파이더맨 BOOK 3,sigongsa
326497030,어메이징 스파이더맨 BOOK 4,sigongsa
326497182,어메이징 스파이더맨 BOOK 5,sigongsa
325054513,배트맨 : 망토 두른 십자군에게 무슨 일이 생겼나?,sigongsa
325054030,엑스맨 Vol. 2 : 레인 오브 엑스,sigongsa
325054092,타이거 디비전,sigongsa
325054420,로키의 시련,sigongsa
325312335,엑스맨 Vol. 3 : 트라이얼 오브 엑스,sigongsa
327570844,캡틴 마블 Vol.2 : 라스트 어벤저,sigongsa
327571057,캡틴 마블 Vol.3 : 엠파이어,sigongsa
327571227,캡틴 마블 Vol.4 : 라스트 오브 더 마블스,sigongsa
327571482,캡틴 마블 Vol.5 : 브루드의 복수,sigongsa
329720149,데어데블 : 가디언 데블,sigongsa
329720613,데어데블 : 파트 오브 어 홀,sigongsa
330006435,배트맨: 화이트 나이트 프레젠트: 할리 퀸,sigongsa
330835557,엑스포스 Vol. 2 : 레인 오브 엑스,sigongsa
330835722,캡틴 아메리카 Vol. 3 : 때 이른 죽음,sigongsa
333155171,센트리 : 오리진,sigongsa
333155309,어벤저스 : 지구 최강의 영웅들 Vol. 6 데스 헌터스,sigongsa
335185913,데어데블 옴니버스,sigongsa
337803510,샌드맨 : 서곡 앱솔루트,sigongsa
337650723,스파이더버스 BOOK 1,sigongsa
337650883,스파이더버스 BOOK 2,sigongsa
337650963,스파이더맨 : 웨딩 앨범,sigongsa
353981628,시크릿 워즈 1984,sigongsa
349368820,조커: 더 월드,sigongsa
358950377,썬더볼츠 Thunderbolts 1 : 악당을 믿다,sigongsa
358950689,썬더볼츠 Thunderbolts 2 : 우리 안의 천사,sigongsa
362806624,스파이더맨 : 더 건틀렛 BOOK 1,sigongsa
362807660,스파이더맨 : 더 건틀렛 BOOK 2,sigongsa
364898916,헐크 : 레드 헐크는 누구인가?,sigongsa
364900732,시크릿 워즈,sigongsa
368524959,데어데블 : 백 인 블랙 BOOK 1,sigongsa
368525310,데어데블 : 백 인 블랙 BOOK 2,sigongsa
368525530,데어데블 : 백 인 블랙 BOOK 3,sigongsa
370286350,센트리 : 리본,sigongsa
370286699,뉴 어벤저스 BOOK 1 : 어셈블드,sigongsa
370287218,뉴 어벤저스 BOOK 2 : 시빌 워,sigongsa
375359719,그랜트 모리슨 : 뉴 엑스맨 옴니버스,sigongsa
378965420,판타스틱 포 1 : 상상 항해단,sigongsa
378966048,판타스틱 포 2 : 닥터 둠의 재림,sigongsa
378966650,판타스틱 포 3 : 죽음 너머,sigongsa
378966688,판타스틱 포 4 : 디스어셈블드,sigongsa