itemid,title
4892675,저스티스 JUSTICE 1~3 (묶음)
3220924,왓치맨 Watchmen 세트 - 전2권
2199272,왓치맨 Watchmen 1
2199274,왓치맨 Watchmen 2
2287717,저스티스 JUSTICE 1
39712191,[세트] 저스티스 1~2 + 얼티미츠 2 세트 - 전3권
2287740,저스티스 JUSTICE 2
2287742,저스티스 JUSTICE 3
2620403,킹덤 컴 Kingdom Come
2923967,로닌 Ronin
3199698,샌드맨 The SandMan 1
3199708,샌드맨 The SandMan 2
3354877,샌드맨 The SandMan 3
3354884,샌드맨 The SandMan 4
3519802,샌드맨 The SandMan 5
3519813,샌드맨 The SandMan 6
6886387,아이언 맨 : 익스트리미스
3659620,슈퍼맨 포 투모로우 Supreman for Tomorrow 1
3659642,슈퍼맨 포 투모로우 Supreman for Tomorrow 2
4170964,샌드맨 The SandMan 7
4171000,샌드맨 The SandMan 8
4387344,샌드맨 The SandMan 9
4483797,시크릿 워
4483976,샌드맨 The SandMan 10
4666888,하우스 오브 엠
41121151,[세트] 엑스맨 원작세트 A 세트 - 전3권
4927582,헐크 : 플래닛 헐크
5832251,시빌 워
27782642,[세트] 시빌 워 4종 - 전4권
82224455,[세트] 시빌 워 대표 원작 세트 - 전3권
6084410,샤잠 : 희망의 힘
6084417,슈퍼맨 : 땅 위에 평화를
6084425,원더우먼 : 진실의 영혼
6084430,배트맨 : 범죄와의 전쟁
6329518,JLA : 탄생의 비밀
6467490,JLA : 자유와 정의
6674473,슈퍼맨 : 버스라이트
6869293,슈퍼맨 : 레드 선
6886390,시빌 워 : 아이언 맨
39711967,[세트] 시빌 워 세트 - 전4권
82224655,[세트] 시빌 워 아이언맨 세트 (찬성파) - 전3권
7088289,샌드맨 The SandMan : 영원의 밤
7102955,월드 그레이티스트 슈퍼 히어로즈 세트 - 전6권
7180090,슈퍼맨 : 포 올 시즌
7277089,샌드맨 The SandMan : 꿈 사냥꾼
7277124,<샌드맨> 전권 박스 한정판 - 전12권
7472520,헐크 : 월드 워 헐크
7510029,엑스맨 : 메시아 콤플렉스
41121273,[세트] 엑스맨 원작세트 B 세트 - 전3권
7916195,프롬 헬
8727299,그린 랜턴 Green Lantern : 시크릿 오리진 Secret Origin
8727337,시빌 워 : 어메이징 스파이더맨
39712046,[세트] 어메이징 스파이더맨 세트 B - 전3권
82225363,[세트] 시빌 워 중립 진영 세트 - 전4권
11223389,그린 랜턴 Green Lantern : 시네스트로 군단의 역습 1
11223437,그린 랜턴 Green Lantern : 시네스트로 군단의 역습 2
11047794,그린 랜턴 Green Lantern : 리버스 Rebirth
11590259,캡틴 아메리카의 죽음 1
11590305,캡틴 아메리카의 죽음 2
39043770,[세트] 캡틴 아메리카 정주행 세트 B - 전3권
82225881,[세트] 시빌 워 에필로그 세트 - 전3권
11894690,캡틴 아메리카의 죽음 3
12014312,스파이더맨 : 백 인 블랙
12116673,슈퍼맨 : 시크릿 아이덴티티
12854141,올스타 슈퍼맨 All-Star Superman 1
12859800,Y : 와이 더 라스트 맨 디럭스 에디션 01
13214717,올스타 슈퍼맨 All-Star Superman 2
13587816,베놈 vs. 카니지
14178622,Y : 와이 더 라스트 맨 디럭스 에디션 02
14839209,토르 : 천둥의 시대
14839723,Y : 와이 더 라스트 맨 디럭스 에디션 03
15191606,시빌 워 : 캡틴 아메리카
15192893,얼티미츠 Vol.1 : 슈퍼휴먼
39712259,[세트] 어벤저스 얼티밋 스토리 세트 - 전2권
15978584,아이덴티티 크라이시스
16203912,엑스맨 : 다크 피닉스 사가
16203794,Y : 와이 더 라스트 맨 디럭스 에디션 04
16525265,어벤져스 오리진 세트 - 전4권
16525375,어벤져스 크로스오버 세트 - 전4권
17109582,피터 파커 스파이더맨 : 백 인 블랙
17465073,Y : 와이 더 라스트 맨 디럭스 에디션 05
17569570,시빌 워 세트 - 전4권
17569733,스파이더맨 세트 - 전3권
17861445,WE3 : 디럭스 에디션
18006815,DC : 더 뉴 프런티어
18006826,프라이드 오브 바그다드
18456736,페이블즈 디럭스 에디션 1
18763308,DC : 더 뉴 프런티어 2
19131508,크라이시스 온 인피닛 어스
19903005,제로 아워 : 크라이시스 인 타임
20635068,얼티미츠 Vol.2 : 국토안보
20949249,페이블즈 디럭스 에디션 2
22813934,어벤저스 디스어셈블드
39043029,[세트] 어벤저스 오리지널 스토리 세트 - 전3권
22429714,슈퍼맨/배트맨 : 공공의 적
22809530,그린 랜턴 Green Lantern : 레드 랜턴의 분노
24167221,페이블즈 디럭스 에디션 3
24167321,플래시포인트
24167565,아이언 맨 : 엑시큐트 프로그램
25232283,탑 텐 1
25232857,탑 텐 2
25233128,아이언맨 : S.H.I.E.L.D. 국장
25531870,엑스 마키나 디럭스 에디션 1
25868347,아이언 맨 3 영화 원작 세트 - 전4권
25867422,아이언 맨 : 헌티드
26061552,울버린
26062246,울버린 웨폰 X
26822764,엑스 마키나 디럭스 에디션 2
27025075,슈퍼맨/배트맨 2 : 슈퍼걸
27128828,맨 오브 스틸 평행세계 세트 - 전3권
27129106,맨 오브 스틸 프리미어 세트 - 전4권
30602868,킥애스 2 전주곡 : 힛걸
30602930,킥애스 2
30614983,킥애스 1
31391742,엑스포스 / 케이블 : 메시아 워
31636739,그린 랜턴 군단 Green Lantern Corps : 스타 사파이어의 반역
31637119,페이블즈 디럭스 에디션 4
32269310,토르 : 옴니버스
32269797,죽음 디럭스 에디션
33149603,엑스맨 : 세컨드 커밍
35643507,캡틴 아메리카 : 윈터 솔저 얼티밋 컬렉션
35867921,리처드 스타크의 파커 : 헌터
35868038,리처드 스타크의 파커 : 아웃핏
39043325,[세트] 캡틴 아메리카 : 윈터 솔저 얼티밋 컬렉션
39043517,[세트] 캡틴 아메리카 정주행 세트 A - 전4권
82225033,[세트] 시빌 워 캡틴아메리카 세트 (반대파) - 전3권
37470663,인빈시블 아이언 맨 1
37470889,인빈시블 아이언 맨 2
39712395,[세트] 아이언맨 정주행 세트 B - 전3권
38182931,캡틴 아메리카 : 적색의 공포 1
38183115,캡틴 아메리카 : 적색의 공포 2
38967379,"퍼니셔 : 웰컴 백, 프랭크"
39834082,어메이징 스파이더맨 1
39834120,어메이징 스파이더맨 2
39834230,[세트] 어메이징 스파이더맨 세트 A - 전2권
40171053,페이블즈 디럭스 에디션 5
41044764,엑스맨 : 데이즈 오브 퓨처 패스트
41044901,엑스맨 : 뮤턴트 제네시스
42804884,미라클 맨 Book 1
42805292,인피닛 크라이시스
43888698,가디언즈 오브 더 갤럭시 Vol.1 : 코스믹 어벤저스
43896205,탑 텐 : 포티나이너즈
44011117,엑스 마키나 디럭스 에디션 3
44011247,엑스 마키나 디럭스 에디션 4
45551376,어소리티 1
45551843,데드풀 & 케이블 1
46202762,어소리티 2
46493845,엑스 마키나 디럭스 에디션 5
48362076,52 - 1
48972009,세븐 솔저스 오브 빅토리 Vol.1
49571075,52 - 2
51188607,52 - 3
51762051,세븐 솔저스 오브 빅토리 Vol.2
51763006,어메이징 스파이더맨 3
51763192,52 - 4
52274216,어메이징 스파이더맨 4
52732974,얼티미츠 2 Vol.1 : 신들과 괴물들
53753401,얼티미츠 2 Vol.2 : 미국 대탈취 작전
54105492,피어 잇셀프 Fear Itself
55240076,어벤저스 vs. 엑스맨
55240353,어메이징 스파이더 맨 : 스파이더 아일랜드
55335542,에이지 오브 울트론
55447691,DC 코믹스 앤솔로지
55661278,젠틀맨 리그 : 비범한 신사 연맹 1
56181116,다크 어벤저스 1
56467478,시즈
56467537,타노스 라이징
56518350,다크 어벤저스 2
56876715,시즈 : 다크 어벤저스
56876817,인피니티 건틀렛
56876904,판타스틱 포 Vol.1
58010133,마블 어벤져스 얼티밋 캐릭터 가이드
59712664,어메이징 스파이더 맨 이슈 1
59932477,어메이징 스파이더 맨 이슈 2
60606408,판타스틱 포 Vol.2
61312437,어메이징 스파이더 맨 이슈 3
61696580,아트 오브 마블 무비 - 어벤저스 : 에이지 오브 울트론
61937911,이리디머블 앤트 맨 1
61938190,어나일레이션 Book 1
62268029,어나일레이션 Book 2
62268764,어메이징 스파이더 맨 이슈 4
62489340,젠틀맨 리그 : 비범한 신사 연맹 2
62997823,판타스틱 포 Vol.3
63391789,판타스틱 포 Vol.4
63392084,미라클 맨 Book 2
63398307,그레이브야드 북 Vol.1
63398892,그레이브야드 북 Vol.2
64531896,어나일레이션 Book 3
65196251,어메이징 스파이더 맨 이슈 5
65541045,왕좌의 게임 그래픽 노블 1
65541364,앤트맨 Vol.1 : 두 번 사는 남자
65541459,왕좌의 게임 그래픽 노블 2
66087482,리처드 스타크의 파커 : 스코어
66936901,가디언즈 오브 더 갤럭시 Vol.2 : 안젤라
66937727,페이블즈 디럭스 에디션 6
67103619,이리디머블 앤트 맨 2
67103757,어메이징 스파이더 맨 이슈 6
68759875,어메이징 스파이더 맨 이슈 7
68940597,킥애스 3
68940948,스타워즈 : 다스 베이더와 아들
68941397,스타워즈 : 베이더의 꼬마 공주님
68941776,그린 랜턴 Green Lantern : 에이전트 오렌지
68942211,그린 랜턴 군단 Green Lantern Corps : 에메랄드 이클립스
73578160,[세트] 스타워즈 그래픽노블 시리즈 2 - 전2권
70693489,어메이징 스파이더 맨 이슈 8
70875799,스타워즈 다스 베이더 Vol.1 : 베이더
70876340,파이널 크라이시스
70876837,그린 애로우 : 롱보우 헌터스
70877031,스타워즈 Vol.1 : 스카이워커의 일격
73572782,[세트] 스타워즈 그래픽노블 시리즈 1 - 전4권
72008013,스타워즈 : 레아 공주
72008350,스타워즈 : 제국의 와해
72325326,마블 백과사전
72326271,미즈 마블 이슈 1
75028779,파이널 크라이시스 : 세 세계의 리전
75029129,미즈 마블 이슈 2
75501654,데드풀의 마블 유니버스 죽이기
76101020,마블 나우! 어메이징 스파이더맨 VOL. 1 : 파커의 운수
76101491,마블 나우! 어메이징 스파이더맨 VOL. 2 : 스파이더버스 전주곡
76535377,할리 퀸 밸런타인데이 스페셜 원샷 1
77611651,미즈 마블 이슈 3
77666044,마블 어벤저스 백과사전
78081684,마블 나우! 어메이징 스파이더맨 VOL. 3 : 스파이더버스
79723927,(뉴 52) 저스티스 리그 1 : 탄생
79725078,인저스티스 : 갓 어몽 어스 Vol. 1
79300348,배트맨 대 슈퍼맨 공식 그래픽노블 세트 - 전4권
79724226,(뉴 52) 원더 우먼 1 : 피
80250447,(뉴 52) 수어사이드 스쿼드 1 : 난장판
80250542,미즈 마블 이슈 4
80250752,(뉴 52) 할리 퀸 1 : 도시의 불꽃 유망주
80250783,(뉴 52) 배트맨 이터널 1
80250869,슈피리어 스파이더맨 1 : 내 최악의 적
80336495,(뉴 52) 배트맨 7 : 엔드 게임
88192217,[세트] (뉴 52) 수어사이드 스쿼드 원작 세트 - 전2권
88192379,[세트] (뉴 52) 수어사이드 스쿼드 할리퀸 세트 - 전2권
81748530,시빌 워 : 울버린
81748987,호크아이 Vol.1 : 인간병기
82135628,시빌 워 : 프론트 라인 1
82136023,시빌 워 : 프론트 라인 2
82242404,블랙키스트 나이트
82242424,(뉴 52) 배트맨 이터널 2
82242691,미즈 마블 이슈 5
83466788,캡틴 아메리카 : 얼굴 없는 사나이
83919000,슈피리어 스파이더맨 2 : 농담의 위험성
83919143,스파이더맨 / 데드풀 이슈 1
84000687,(뉴 52) 배트맨 이터널 3
84001017,블랙키스트 나이트 : 그린 랜턴
84001313,왕좌의 게임 그래픽 노블 3
84001902,페이블즈 디럭스 에디션 7
84002281,엑스맨 : 에이지 오브 아포칼립스 Vol.1 알파
86070098,스파이더맨 / 데드풀 이슈 2
86070737,(뉴 52) 수어사이드 스쿼드 2 : 바실리스크 라이징
86070888,어나일레이션 : 컨퀘스트 Book 1
86229166,(뉴 52) 할리 퀸 2 : 나가 버린 파워
86229296,블랙키스트 나이트 : 그린 랜턴 군단
86229744,할리 퀸 & 수어사이드 스쿼드 만우절 스페셜 원샷
86230102,어나일레이션 : 컨퀘스트 Book 2
87628752,미즈 마블 1
87628834,스파이더맨 / 데드풀 이슈 3
87629319,플래시 : 리버스
87629475,FF 에프에프 1
87825214,(뉴 52) 저스티스 리그 2 : 악인의 여정
87825453,시크릿 어벤저스 1 : 미션 투 마스
87825768,블랙키스트 나이트 : 군단 이야기
89899719,스파이더맨 / 데드풀 이슈 4
89942452,FF 에프에프 2
89942482,시크릿 어벤저스 2 : 용의 눈
89943020,호크아이 Vol.2 : 소소한 사건들
90048169,인저스티스 : 갓 어몽 어스 Vol. 2
90048942,블랙키스트 나이트 : 블랙 랜턴 군단 Vol. 1
90188631,페이블즈 디럭스 에디션 8
91733379,스파이더맨 / 데드풀 이슈 5
92511137,페이블즈 디럭스 에디션 9
92636547,블랙키스트 나이트 : 블랙 랜턴 군단 Vol. 2
92636557,아이언 맨 : 병 속의 악마
92636560,블랙키스트 나이트 : 블랙 랜턴 라이즈
92703258,미라클 맨 Book 3
94722245,닥터 스트레인지 : 서약
94875296,스타워즈 Vol.2 : 밀수꾼 위성의 결전
94953495,미즈 마블 2
94962075,페이블즈 디럭스 에디션 10
95204503,스타워즈 다스 베이더 Vol.2 : 그림자와 비밀
95204587,스파이더맨 / 데드풀 이슈 6
95204854,스타워즈 : 다스 베이더와 친구들
95204924,스타워즈 : 잘 자요 다스 베이더
96671188,스파이더맨 / 데드풀 이슈 7
96673230,스파이 vs 스파이 : 블랙(& 화이트) 작전
97411256,스타워즈 다스 베이더 Vol.3 : 슈토룬 전쟁
97412235,스타워즈 : 베이더 다운
97597639,스타워즈 Vol.3 : 반란군 요새
97597916,겟 지로
98683799,(뉴 52) 원더 우먼 2 : 기백
98377155,스타워즈 : 다스 베이더 홀리데이 박스 - 전4권
98683498,스파이더맨 / 데드풀 이슈 8
98907905,샌드맨 The SandMan : 서곡 디럭스 에디션
98908390,아트 오브 마블 : 닥터 스트레인지
100035799,스파이더맨 / 데드풀 이슈 9
101106033,스파이더맨 / 데드풀 VOL. 1 : 브로맨틱하지 않나요?
101293787,(뉴 52) 배트맨 8 : 슈퍼헤비
101294058,사가 Vol. 1
101294809,사가 Vol. 2
101295216,데드풀 Vol. 1
102498802,엑스맨 : 데들리 제네시스
102497794,스파이더맨 / 데드풀 이슈 10
102498235,언캐니 엑스맨 : 시아 제국의 흥망
103372503,(뉴 52) 저스티스 리그 3 : 아틀란티스의 왕좌
103372717,플래시 Vol. 1 : 앞으로
103373604,슈피리어 스파이더맨 3 : 탈출구는 없다
103373649,데어데블 얼티밋 컬렉션 1
103849532,울버린 : 올드 맨 로건
105357879,슈피리어 스파이더맨 4 : 필요악
105905465,스파이더맨 / 데드풀 이슈 11
105914019,가디언즈 오브 더 갤럭시 Vol.3 : 가디언즈 디스어셈블드
105914326,(뉴 52) 배트맨 9 : 블룸
105914844,아쿠아맨 Vol.1 : 해구 괴물
105973280,(뉴 52) 원더 우먼 3 : 철
106100643,데드풀 Vol. 2
106779004,미즈 마블 3
107795121,고담 센트럴 Book 1 : 사건 현장
107848167,사가 Vol. 3
107848367,디센더 Vol. 1 : 깡통 별
107848533,디센더 Vol. 2 : 기계 달
107975991,가디언즈 오브 더 갤럭시 Vol.4 : 원죄
107976278,스파이더맨 / 데드풀 이슈 12
107981012,어벤저스 Vol.1
109887946,X-23 원샷
109969357,(뉴 52) 원더 우먼 4 : 전쟁
109969516,(뉴 52) 배트맨 10 : 에필로그
109969829,배트맨 앤드 선
109970293,슈피리어 스파이더맨 5 : 슈피리어 베놈
109970544,어벤저스 Vol.2
111989126,인휴먼즈 : 타고난 권리로
111993781,슈피리어 스파이더맨 6 : 고블린 왕국
112065797,배트맨 & 로빈 : 배트맨 부활
112065803,인피니티 이슈 1
112066349,인휴먼즈
112066369,인피니티 이슈 2
112067111,배트맨 R.I.P
112546062,마블 나우! 어메이징 스파이더맨 Vol. 1-3 세트 - 전3권
112549120,스파이더맨 백 인 블랙 세트 - 전3권
112553822,슈피리어 스파이더맨 세트 - 전6권
112891553,어메이징 스파이더맨 세트 - 전4권
113944322,인피니티 이슈 3
113944411,인피니티 이슈 4
114378665,페이블즈 디럭스 에디션 11
114381211,플래시 Vol. 2 : 로그즈의 반란
114381497,뉴 어벤저스 Vol.1 : Everything Dies
114381647,배트맨 : 타임 앤드 배트맨
114383252,배트맨: 리턴 오브 브루스 웨인
114383648,사일런트 워
115701965,DC 코믹스 백과사전
116310583,인피니티 이슈 5
116310694,인피니티 이슈 6
116441275,사가 Vol. 4
116441709,슈퍼맨 액션 코믹스 Vol.1
116441980,배트맨 & 로빈 : 배트맨 & 로빈 머스트 다이!
116442190,배트맨 & 로빈 : 배트맨 VS. 로빈
116442409,워 오브 킹즈
118404348,아메리칸 뱀파이어 Vol. 1
118404737,(뉴 52) 배트맨 Vol.1 : 올빼미 법정
118404896,아메리칸 뱀파이어 Vol. 2
118404927,(뉴 52) 배트맨 Vol.2 : 올빼미 도시
118405261,배트맨: 할리 퀸
118532755,페이블즈 디럭스 에디션 12
119595892,토르 천둥의 신 Vol.1 : 신 도살자
120064425,슈퍼맨 액션 코믹스 Vol.2
120064673,저스티스 리그 :  위대한 승리
120080968,맨해튼 프로젝트 Vol.1
120081364,맨해튼 프로젝트 Vol.2
120083807,(뉴 52) 저스티스 리그 4 : 그리드
120085630,시크릿 오리진스 Vol.1
120086686,시크릿 오리진스 Vol.2
123700372,판타스틱 포 Vol.5
123784848,데어데블 얼티밋 컬렉션 2
123791104,인휴먼 Vol.1 : 제네시스
123797816,인휴먼 Vol.2 : 액시스
125243967,리처드 스타크의 파커 : 슬레이그라운드
125445436,스타워즈 다스 베이더 1~4 재정가 세트 - 전4권
128871017,젠틀맨 리그 : 비범한 신사 연맹 - 검은 서류
126008339,데드풀 vs. 타노스 이슈 1
126015640,스타워즈 : 라스트 제다이 오피셜 가이드
126663464,고담 센트럴 Book 2 : 광대와 광인들
126664649,네모 : 얼음 심장
129859954,(뉴 52) 원더 우먼 5 : 살
129860808,데드풀 : 떠버리 용병을 그리다
130473650,데드풀 vs. 타노스 이슈 2
130809800,헬보이 Hellboy 1
131658381,배트맨 : 다크 나이트 리턴즈 30주년 에디션
131658449,블랙 팬서 : 블랙 팬서는 누구인가?
131659436,젠틀맨 리그 : 비범한 신사 연맹 3 - 백 년
131661237,(뉴 52) 저스티스 리그 5 : 포에버 히어로즈
135012358,데드풀 vs. 타노스 이슈 3
135012566,데드풀 vs. 타노스 이슈 4
135012672,사가 Vol. 5
135013270,배트맨 : 킬링 조크
135551426,(뉴 52) 저스티스 리그 6 : 인저스티스 리그
135552362,잭 커비 앤솔로지
138375431,저스티스 리그 : 트리니티 워
138377926,스타워즈 Vol.4 : 하빈저 최후의 비행
138378963,(뉴 52) 저스티스 리그 포에버 이블
138382761,배트맨 : 이어 원 디럭스 에디션
138383406,헬보이 Hellboy 2
138386037,스타워즈 : 한 솔로
141295874,타노스 임페러티브
141295880,인피니티
141319787,마블 스튜디오 어벤저스 : 인피니티 워 프렐류드
141321354,인피니티 풀 스토리 재정가 세트 - 전3권
141322157,타노스 완전 정복 재정가 세트 - 전3권
142110730,데드풀 vs. 타노스
143143276,마블스
143143291,뉴 어벤저스 Vol.3 : Other Worlds
143143292,데드풀 Vol. 3
146565900,아쿠아맨 Vol.4 : 왕의 죽음
146971188,디센더 Vol. 3 : 특이점
147874266,데드풀 & 케이블 2
147931262,페이블즈 디럭스 에디션 13
149309332,(뉴 52) 저스티스 리그 8 : 다크사이드 워 PART 2
151332058,아메리칸 뱀파이어 Vol. 3
151523600,고담 센트럴 Book 3 : 변종 순찰
151523602,앤트맨과 와스프 프렐류드
151524111,어두운 밤 : 진짜 배트맨 이야기
151524301,어메이징 스파이더맨 : 다잉 위시
152188714,스파이더맨 / 데드풀 VOL. 0 : 이건 팀업이 아니야
156519530,토르 천둥의 신 Vol.2 : 신폭탄
157656177,헬보이 Hellboy 3
157663272,비전 이슈 1
158316597,배트맨 Vol.1 : 나는 고담이다
158316924,슈퍼맨 Vol. 1 : 슈퍼맨의 아들
158317701,플래시 Vol. 1 : 번개는 두 번 친다
158380348,사가 Vol. 6
158380626,DC 유니버스 리버스 : 디럭스 에디션
163232008,비전 이슈 2
163232150,(뉴 52) 배트맨 Vol.3 : 가족의 죽음
163232626,수어사이드 스쿼드 Vol. 1 : 블랙 볼트
163675863,아메리칸 뱀파이어 Vol. 4
163676614,배트맨 디텍티브 코믹스 Vol.1 : 배트맨들의 출현
164081860,(뉴 52) 배트맨 Vol.4 : 제로 이어 - 비밀의 도시
164088107,캡틴 아메리카 : 로드 투 리본
168458083,헬보이 Hellboy 4
168458173,비전 이슈 3
168674629,어메이징 스파이더맨 : 원 모어 데이
168674969,아쿠아맨 Vol.1 : 침몰
168675223,올스타 배트맨 Vol.1 : 내 최악의 적
168718381,캡틴 아메리카 : 리본
168719150,미즈 마블 4
171159493,수어사이드 스쿼드 Vol. 2 : 제정신으로
171159633,스타워즈 : 메이드 이지
171159757,디센더 Vol. 4 : 궤도 역학
171159762,비전 이슈 4
171159798,가디언즈 오브 더 갤럭시 Vol.5 : 거울에 비친 나
171255555,배트맨 : 몬스터 맨들의 밤
171256645,"슈퍼맨 Vol. 2 : 슈퍼 선, 시험받다"
171257057,페이블즈 디럭스 에디션 14
173872321,토르 천둥의 신 Vol.3 : 저주받은 자
173872885,비전 이슈 5
173876508,배트맨 Vol.2 : 나는 자살이다
174227692,액션 코믹스 #1000 디럭스 에디션
174227757,FF 에프에프 3
174227772,디센더 Vol. 5 : 로봇의 봉기
174228469,배트맨 디텍티브 코믹스 Vol.2 : 빅팀 신디케이트
174274719,사가 Vol. 7
174275002,FF 에프에프 4
174275311,올스타 배트맨 Vol.2 : 지구의 끝
174856184,아쿠아맨 재정가 세트 - 전4권
176410106,스타워즈 Vol.5 : 요다의 비밀 전쟁
176410469,비전 이슈 6
176410651,엑스맨 : 신은 사랑하고 인간은 살해한다
176657260,페이블즈 디럭스 에디션 15
176658353,배트맨 : 다크 프린스 차밍
176658887,스타워즈 : 오비완과 아나킨
176779139,스타워즈 제다이 아카데미 Vol. 1
176779327,스타워즈 제다이 아카데미 Vol. 2
176779537,스타워즈 제다이 아카데미 Vol. 3
176779706,스타워즈 제다이 아카데미 트릴로지 박스 세트 1~3 - 전3권
179221598,시크릿 엠파이어 전주곡
178986701,닥터 스트레인지 Vol.1
178987104,언캐니 어벤저스 Vol.1
178987157,플래시 Vol. 2 : 어둠의 속도
178987788,인빈시블 아이언 맨 Vol. 1: 리부트
179220089,언캐니 어벤저스 Vol.2
179220569,비전 Vol. 1 : 인간보다 못할 것 없는
179221181,어벤저스 : 타임 런즈 아웃
179219849,비전 이슈 8
182498965,비전 이슈 9
182499404,비전 이슈 10
182498415,헬보이 Hellboy 5
183765406,배트맨 Vol.3 : 나는 베인이다
183765937,플래시 Vol. 3 : 로그즈 재장전
183766622,펑크 록 지저스
184142320,미즈 마블 1~4 정가 인하 세트 - 전4권
186770602,비전 이슈 11
186770295,시빌 워 2 : 후유증
187039128,헬보이 Hellboy 6
187039191,헬보이 4~6 (25주년 세트) - 전3권
186770744,비전 이슈 12
189556431,왓치맨 디럭스 에디션
188276105,시빌 워 2 스페셜 에디션 (한정판)
188276318,올뉴 올디퍼런트 어벤저스
188276452,비전 Vol. 2 : 짐승보다 나을 것 없는
188276527,시빌 워 2
188341015,마블 나우! 어벤저스 세트 - 전3권
188276428,마블 스튜디오 어벤저스 : 엔드게임 프렐류드
189555968,사가 Vol. 8
189556234,스파이더맨 : 블루
189556735,캡틴 아메리카 : 스티브 로저스 Vol.1 하이드라 만세
189556979,호크아이 vs. 데드풀
193168518,리그 오브 레전드 : 애쉬 - 전쟁의 어머니
191666384,아이 엠 아이언 맨 세트 1~2 - 전2권 (재정가 세트)
192372034,스파이더맨 / 데드풀 VOL. 4 : 진지한 일
192372401,아쿠아맨 Vol.2 : 블랙 만타의 역습
192372644,언캐니 어벤저스 Vol.3 : 시빌 워 II
192721883,엑스맨 : 피닉스 인 다크니스
192725041,배트맨/플래시 : 더 버튼 디럭스 에디션
192531231,인빈시블 아이언 맨 Vol. 2 : 워 머신 군단
192536842,저스티스 리그 VS. 수어사이드 스쿼드
194375264,스파이더맨 / 데드풀 VOL. 5 : 무기 경쟁
195148244,어메이징 스파이더맨 : 클론 컨스피러시 Vol. 1
195148357,고담 센트럴 Book 4 : 코리건
195148371,어메이징 스파이더맨 : 클론 컨스피러시 Vol. 2
195148474,어메이징 스파이더맨 : 클론 컨스피러시 세트 - 전2권
195148531,엑스맨 : 다크 피닉스 세트 - 전2권
195148639,올스타 배트맨 Vol.3 : 첫 번째 동지
196545385,스파이더맨 / 데드풀 VOL. 1~3 세트 - 전3권
198414801,헐크 : 그레이
199716143,웨폰스 오브 뮤턴트 디스트럭션
199715514,아메리칸 뱀파이어 Vol. 5
199715800,배트맨 주식회사
206078868,배트맨 : 언더 더 레드 후드
239403133,배트맨 : 언더 더 레드 후드
203347557,캡틴 아메리카 : 스티브 로저스 Vol.2 마리아 힐의 재판
204208227,배트맨 Vol.4 : 농담과 수수께끼의 전쟁
204208866,비포 왓치맨 : 미닛맨/실크 스펙터
208552908,배트맨 디텍티브 코믹스 : #1000 디럭스 에디션
208556248,닥터 스트레인지 Vol.2 : 마법의 마지막 날들
208557950,디센더 Vol. 6 : 기계 전쟁
208559539,헬보이 Hellboy 7
207828144,(뉴 52) 배트맨 Vol.5 : 제로 이어 - 어둠의 도시
207828506,(뉴 52) 배트맨 Vol.6 : 야간 순찰
208545991,배트맨 : 허쉬 (15주년 디럭스 에디션)
208548587,배트맨 : 화이트 나이트
208550968,비포 왓치맨 : 코미디언/로어셰크
208872100,조커
208875620,조커 + DC 캘린더 세트 (2020년)
211732715,디펜더스 Vol. 1 : 다이아몬드는 영원히
211733422,데어데블 : 옐로우
212300996,인빈시블 아이언 맨 Vol. 3 : 시빌 워 II
212301242,토르 천둥의 신 Vol.4 : 미드가르드 최후의 날
212301448,헬보이 Hellboy 8 : 어둠의 부름
212300480,배트맨 : 어스 원 Vol.1
217411627,리그 오브 레전드 : 럭스
217094962,닥터 스트레인지 Vol.3 : 에테르에 흐르는 피
217099663,디펜더스 Vol. 2 : 뉴욕의 킹핀들
217186985,마블 테일즈 : 어벤저스 1
217186986,배트맨 : 메탈-다크 나이츠 라이징
217187204,배트맨 : 메탈
217188126,배트맨 : 로드 투 메탈
198322365,마블 백과사전 개정판 2019
221695265,닥터 스트레인지 Vol.4 : 미스터 미저리
221695583,언캐니 어벤저스 Vol.4 : 레드 스컬
222673095,사가 Vol. 9
221695956,배트맨 : 어스 원 Vol.2
227737957,헬보이 Hellboy 9 : 와일드 헌트
227738271,S.H.I.E.L.D. : 영원의 설계자들
227741084,닥터 둠 : 인퍼머스 아이언 맨 Vol. 1
227745724,어벤저스 : 레이지 오브 울트론
228673652,스파이더맨 / 데드풀 VOL. 6 : Wlmd
228673856,스파이더맨 / 데드풀 VOL. 6 + 박스 세트
228674163,스파이더맨 / 데드풀 VOL. 4~6 세트 - 전3권
228672518,배트걸과 버즈 오브 프레이 Vol.1 : 오라클의 정체는?
228672779,배트걸과 버즈 오브 프레이 Vol.2 : 소스 코드
228673046,배트걸과 버즈 오브 프레이 Vol.3 : 풀 서클
228673312,할리 퀸과 버즈 오브 프레이
228673465,히어로즈 인 크라이시스
233421167,닥터 둠 : 인퍼머스 아이언 맨 Vol. 2
233421302,캡틴 아메리카 : 스티브 로저스 Vol.3 제국 건설
233421569,오리지널 신
233623900,비포 왓치맨 : 나이트 아울/닥터 맨해튼
233624938,슈퍼맨 액션 코믹스 Vol.3
234688349,배트맨 : 댐드
234689117,할린
235913324,배트맨 디텍티브 코믹스 Vol.3 : 리그 오브 섀도우
235913678,배트맨 주식회사 Vol. 1 : 데몬 스타
235913955,배트맨 주식회사 Vol. 2 : 고담 일급수배자
235914172,슈퍼맨 Vol. 3 : 멀티플리시티
237749392,블랙 위도우
237749970,블랙 위도우 + 마블 스튜디오 블랙 위도우 프렐류드 이슈
237678010,시크릿 엠파이어
237678369,테일즈 오브 서스펜스 : 호크아이 & 윈터 솔저
238167897,어벤저스 : 노 서렌더
238168604,어메이징 스파이더맨 : 시크릿 엠파이어
238169394,데드풀 : 시크릿 엠파이어
238348579,이터널스
237677202,(뉴 52) 나이트윙 Vol.1 : 함정과 공중그네
237677683,배트맨 : 메탈 : 레지스탕스
241302230,브이 포 벤데타 30주년 기념 디럭스 에디션
240907508,토르 : 천둥의 여신
240907945,어벤저스 & 엑스맨 : 액시스
240913707,"헬보이 : 방문자, 그는 어떻게 왜 머무르게 되었나"
240752133,저스티스 리그 Vol. 1 : 토탈리티
240752512,저스티스 리그 : 노 저스티스
240907709,원더 우먼 리버스 디럭스 에디션 BOOK 1
246315862,마블 코믹스 #1000
246316902,마블 코믹스 : 창밖의 세상
246317919,히스토리 오브 더 마블 유니버스
243435678,저스티스 리그 Vol. 2 : 신들의 무덤
243436101,저스티스 리그 Vol. 3 : 호크월드
243636886,슈퍼 선즈 옴니버스
246887645,어메이징 스파이더맨 : 레드 고블린
246888107,스파이더맨 / 데드풀 VOL. 7 : My Two Dads
246888552,마블 퓨처 파이트 퍼스트
246889243,(뉴 52) 나이트윙 Vol.2 : 올빼미의 밤
246889702,배트맨 디텍티브 코믹스 Vol.4 : 데우스 엑스 마키나
248015992,디씨즈드
248375043,마블 1602
249266711,로키 : 아스가르드의 요원
249266788,이모털 헐크 Vol. 1 : 아니면 둘 다인가?
249267072,인빈시블 아이언 맨 : 토니 스타크를 찾아서
248952653,배트맨 : 배틀 포 더 카울
249317035,그린 랜턴 Green Lantern : 브라이티스트 데이
249317064,그린 랜턴 Green Lantern : 그린 랜턴 전쟁
249317113,(뉴 52) 그린 랜턴 Green Lantern Vol.1 : 시네스트로
249317168,(뉴 52) 그린 랜턴 Green Lantern Vol.2 : 블랙 핸드의 복수
249317188,(뉴 52) 그린 랜턴 Green Lantern Vol.3 : 끝
251888626,타노스
251889506,캡틴 아메리카 : 화이트
251890093,마이티 토르 Vol. 1 : 핏줄에 흐르는 천둥
251512266,저스티스 리그 Vol. 4 : 6차원
251512624,배트맨 : 라스트 나이트 온 어스
251512872,조커 80주년 스페셜
253750763,리그 오브 레전드 : 제드
254067186,스파이더맨 : 크레이븐의 마지막 사냥
256468842,데드풀의 죽여주는 명작선
256469184,마이티 토르 Vol. 2 : 아스가르드 / 시아 제국 전쟁
256843011,앱솔루트 배트맨 : 블랙 미러
258736123,헬보이 Hellboy 10 : 비뚤어진 사내와 다른 이야기들
258736399,헬보이 Hellboy 10~12 세트 - 전3권
258736643,헬보이 Hellboy 11 : 지옥의 신부와 다른 이야기들
258736673,헬보이 Hellboy 12 : 폭풍과 분노
258736697,언캐니 엑스맨 : 울버린과 사이클롭스
258736104,웃는 배트맨
261181218,둠스데이 클락 컴플리트 컬렉션
261179957,저스티스 리그 Vol. 5 : 정의와 파멸의 전쟁
262039984,슈퍼맨 : 액션 코믹스 : 리버스 디럭스 에디션 BOOK 1
261184204,테일즈 오브 완다 & 비전
261820253,토니 스타크 : 아이언 맨 Vol. 1 셀프메이드 맨
261820772,마이티 토르의 죽음
264183724,스파이더맨 / 데드풀 VOL. 8 : 로드 트립
263188963,조커 : 킬러 스마일
264183831,플래시 Vol. 4 : 더 플래시
265448843,배트맨/슈퍼맨 : 시크릿 식스는 누구인가?
265449809,피터 파커 : 스펙태큘러 스파이더맨 Vol.1
265450317,피터 파커 : 스펙태큘러 스파이더맨 Vol.2
265450787,피터 파커 : 스펙태큘러 스파이더맨 세트 - 전2권
266260447,디스피커블 데드풀 Vol.1 : 데드풀의 케이블 죽이기
266260712,디스피커블 데드풀 Vol.2 : 마블 유니버스의 데드풀 죽이기
266261084,디스피커블 데드풀 Vol.1~2 세트 - 전2권 (완결)
267334789,배트맨 디텍티브 코믹스 Vol.5
267335394,비포 왓치맨 : 오지만디아스/핏빛 해적
267994261,고담 시티 투어
267994279,레드 후드와 무법자들 Vol. 1 : 다크 트리니티
267371972,어벤저스 : 지구 최강의 영웅들 Vol. 1
267994290,토르 : 천둥신의 귀환
267994337,캡틴 아메리카 Vol. 1 : 아메리카의 겨울
269493861,아트 오브 마블 무비 2종 재정가 세트 - 전2권
269059052,배트맨 : 하비스트 브리드
269604615,배트맨 앤드 로빈 Vol.1 : 본 투 킬
270461299,어벤저스 : 지구 최강의 영웅들 Vol. 2 월드 투어
270461736,토니 스타크 : 아이언 맨 Vol. 2 스타크 리얼리티
271955197,슈퍼맨 : 액션 코믹스 : 리버스 디럭스 에디션 BOOK 2
271955966,캡틴 마블 Vol.1 : 재진입
271955552,어벤저스 : 지구 최강의 영웅들 Vol. 3 워 오브 더 렐름스
272316787,워 오브 더 렐름스
274041597,닥터 스트레인지 vs. 로키 소서러 슈프림
274101374,플래시 Vol. 5 : 더 플래시
274101847,플래시 포워드
274101642,인피니티 워즈
274101727,인피니티 카운트다운
275980768,배트맨 : 세 명의 조커 + 배트맨 #1 밀레니엄 에디션 세트
275982161,배트맨 : 세 명의 조커
276363923,수어사이드 스쿼드 : 배드 블러드
276099397,이모털 헐크 Vol. 2 : 지옥에 간 헐크
278031433,플래시 : 이어 원
278178117,샹치 : 사형제들
278178519,베놈 Vol. 1 : 렉스
278178663,베놈 Vol. 2 : 심연
279453862,배트맨 : 더 월드
280101220,스파이더맨 / 데드풀 VOL. 9 : 이벤트풀
279819329,배트맨 Vol. 1 : 검은 설계도
279819855,배트맨 Vol. 2 : 조커 전쟁
279820296,배트맨 : 화이트 나이트의 저주
280101310,문 나이트 Vol. 2 : 탄생과 죽음
282031061,배트맨 : 임포스터 #1
282188309,레드 후드와 무법자들 Vol. 2 : 아르테미스는 누구인가?
281820279,이터널스 Vol. 1 : 오직 죽음만이 영원하다
282511555,마블 시네마틱 유니버스 : 더 거대한 세상
283750410,배트맨 : 임포스터 #2
283819378,영 어벤저스 Vol. 1 : 사이드킥
283819639,영 어벤저스 Vol. 2 : 혈통의 비밀
285069944,어메이징 스파이더맨 : 프레시 스타트 Vol. 1
285070188,어메이징 스파이더맨 : 프레시 스타트 Vol. 2
285070456,어메이징 스파이더맨 : 프레시 스타트 Vol. 3
285282924,배트맨 : 임포스터 #3
285820081,제프 로브 & 팀 세일 배트맨 옴니버스
285820256,배트맨 : 롱 할로윈 스페셜
287149842,슈피리어 스파이더맨 컴플릿 컬렉션 BOOK 2
287149896,슈피리어 스파이더맨 컴플릿 컬렉션 히든젬 패키지 세트 - 전2권 (어벤징 스파이더맨 #15.1 이슈 포함)
287149748,슈피리어 스파이더맨 컴플릿 컬렉션 BOOK 1
287651975,데어데블 : 지옥을 지나 천국으로 Vol. 1
289957375,(뉴 52) 나이트윙 Vol.3
290086595,배트맨 : 롱 할로윈 디럭스 에디션
290086740,배트맨 : 에고
290086747,배트맨 : 임포스터
290087433,배트맨 : 롱 할로윈 시퀄 다크 빅토리 디럭스 에디션
290086586,로키 : 저니 인투 미스터리 Vol. 1
290086669,로키 : 저니 인투 미스터리 Vol. 2
290087103,아이언 맨 2020
291837366,영화 더 배트맨과 함께 보면 좋은 DC 코믹스 원작 세트
291324665,킹 토르
291325136,영 어벤저스 : 칠드런스 크루세이드
291871465,닥터 스트레인지 : 댐네이션
291871752,"뉴 어벤저스 일루미나티 : 아이언 맨, 닥터 스트레인지, 네이머, 미스터 판타스틱, 프로페서 X, 블랙 볼트"
292848369,닥터 스트레인지 세트 - 전4권
295216716,어메이징 스파이더맨 : 프레시 스타트 Vol. 4
295216822,어메이징 스파이더맨 : 프레시 스타트 Vol. 5
297115489,엑스맨 Vol. 1 : 던 오브 엑스
297446986,토르 : 갓 오브 썬더 세트 - 전5권
299961949,베놈 Vol. 3 : 베놈 아일랜드
299962034,킹 인 블랙
302171559,샌드맨 : 디럭스 에디션 1
302171784,샌드맨 : 디럭스 에디션 2
302171805,샌드맨 : 디럭스 에디션 3
302171822,샌드맨 : 디럭스 에디션 4
302172324,샌드맨 : 디럭스 에디션 5
301850771,이어 오브 더 빌런 : 헬 어리즌
301849828,데어데블 : 지옥을 지나 천국으로 Vol. 3
301850281,데블스 레인
302247654,데어데블 : 본 어게인
303757716,배트맨 Vol. 5 : 공포 상태 + 케이스 세트
303549109,블랙 아담/JSA: 블랙 레인
303756620,배트맨 Vol. 3 : 유령 이야기
303757200,배트맨 Vol. 4 : 겁에 질린 자들
303757295,배트맨 Vol. 5 : 공포 상태
303757651,배트맨 : 데스 메탈
303532351,닥터 둠 : 북 오브 둠
303532355,블랙 팬서 : 둠워
303532554,어벤저스 : 지구 최강의 영웅들 Vol. 4 고스트 라이더 & 스타브랜드
303533024,블랙팬서 히든 젬 패키지 세트 (블랙 팬서 : 둠 워 + 블랙 팬서 : 우리 발아래의 국가 + 한정판 이슈)
303533303,블랙 팬서 : 우리 발아래의 국가
303757360,할리 퀸 BOOK 2
305720150,이모털 헐크 Vol. 3 : 우리는 브루스 배너를 믿는다
305720304,이모털 헐크 Vol. 4 : 문을 지키는 자
305720607,이모털 헐크 Vol. 5 : 지옥과 사망의 열쇠
305730205,이모털 헐크 히든 젬 패키지 세트 (이모털 헐크 Vol. 3~5 + 히든 젬 리미티드 이슈)
307422510,배트맨 앤드 로빈 Vol.2
307422967,배트맨 앤드 로빈 Vol.3
307423183,배트맨 앤드 로빈 Vol.4
307420622,어벤저스 : 지구 최강의 영웅들 Vol. 5 콘슈의 시대
307421142,캡틴 아메리카 Vol. 2 : 무엇의 캡틴도 아닌
309573704,"레드 후드와 무법자들 Vol. 4 : 잘 자요, 고담"
309573858,샤잠! 앤드 세븐 매직 랜드
309573718,어스토니싱 앤트맨
309573904,정복자 캉
311150794,슈퍼맨 Vol. 5
311151426,슈퍼맨 Vol. 6
311905867,어벤저스 : 캉 다이너스티
312506649,시크릿 인베이전
313736754,배트맨 : 어스 원 Vol.3
313737461,슈퍼맨 : 액션 코믹스 : 리버스 디럭스 에디션 BOOK 3
313737653,시니스터 워
313737806,어메이징 스파이더맨 : 신즈 라이징 히든 젬 패키지 세트 (신즈 라이징 Vol. 1~3 + 시니스터 워 + 히든 젬 리미티드 이슈)
313737815,어메이징 스파이더맨 : 신즈 라이징 Vol. 1
313737963,어메이징 스파이더맨 : 신즈 라이징 Vol. 2
313738198,어메이징 스파이더맨 : 신즈 라이징 Vol. 3
318931164,슈퍼맨 : 하늘 높이
318931348,슈퍼걸 : 우먼 오브 투모로우
318931921,슈퍼맨 : 내일의 사나이에게 무슨 일이 생겼나? 디럭스 에디션
318932366,슈퍼맨 : 시크릿 오리진 디럭스 에디션
315321262,가디언즈 오브 갤럭시
315321917,그루트
315322365,스파이더맨 : 월드 콜라이드
317444458,플래시 Vol. 6
317385834,마일스 모랄레스 Vol. 1 : 브루클린 소년
317386359,마일스 모랄레스 Vol. 2 : 얼티메이텀
317386779,챔피언스 : 금지당한 세대
318620360,로켓 라쿤
318931392,배트맨 '89
318931622,슈퍼맨 '78
318931804,플래시 Vol. 7
318931846,슈퍼맨/배트맨 전설의 귀환 케이스 세트 - 전2권
318931953,플래시 Vol. 7 + 에코백 세트
318932115,플래시 : 세상에서 제일 빠른 남자
318932247,플래시포인트 디럭스 에디션
318932489,영화 플래시 원작 코믹스 케이스 세트 - 전4권
318932552,플래시포인트 : 월드 오브 플래시포인트
318942248,[세트] 플래시 + 플래시포인트 디럭스 에디션 + 플래시포인트 : 월드 오브 플래시포인트 + 플래시 Vol. 7 + 배트맨 '89 - 전5권
319373548,스파이더 그웬 : 엣지 오브 스파이더버스
319808959,피터 포커 : 스파이더햄
323594730,아이언 맨 : 아머 워즈
323594840,디씨즈드 : 언킬러블즈
323594909,디씨즈드 : 데드 플래닛
326496629,어메이징 스파이더맨 BOOK 1
326496816,어메이징 스파이더맨 BOOK 2
326496935,어메이징 스파이더맨 BOOK 3
326497030,어메이징 스파이더맨 BOOK 4
326497182,어메이징 스파이더맨 BOOK 5
325054030,엑스맨 Vol. 2 : 레인 오브 엑스
325054092,타이거 디비전
325054420,로키의 시련
325312335,엑스맨 Vol. 3 : 트라이얼 오브 엑스
327571802,배트모빌 매뉴얼
327570844,캡틴 마블 Vol.2 : 라스트 어벤저
327571057,캡틴 마블 Vol.3 : 엠파이어
327571227,캡틴 마블 Vol.4 : 라스트 오브 더 마블스
327571482,캡틴 마블 Vol.5 : 브루드의 복수
329720149,데어데블 : 가디언 데블
329720613,데어데블 : 파트 오브 어 홀
330006435,배트맨: 화이트 나이트 프레젠트: 할리 퀸
335185913,데어데블 옴니버스
337803510,샌드맨 : 서곡 앱솔루트
353981628,시크릿 워즈 1984
349368820,조커: 더 월드
364898916,헐크 : 레드 헐크는 누구인가?
364900732,시크릿 워즈
368524959,데어데블 : 백 인 블랙 BOOK 1
368525310,데어데블 : 백 인 블랙 BOOK 2
368525530,데어데블 : 백 인 블랙 BOOK 3
370286350,센트리 : 리본
370286699,뉴 어벤저스 BOOK 1 : 어셈블드
370287218,뉴 어벤저스 BOOK 2 : 시빌 워
375359719,그랜트 모리슨 : 뉴 엑스맨 옴니버스
378965420,판타스틱 포 1 : 상상 항해단
378966048,판타스틱 포 2 : 닥터 둠의 재림
378966650,판타스틱 포 3 : 죽음 너머
